[0m21:10:08.769401 [debug] [MainThread]: Sending event: {'category': 'dbt', 'action': 'invocation', 'label': 'start', 'context': [<snowplow_tracker.self_describing_json.SelfDescribingJson object at 0x7e2863679e20>, <snowplow_tracker.self_describing_json.SelfDescribingJson object at 0x7e2863e74fe0>, <snowplow_tracker.self_describing_json.SelfDescribingJson object at 0x7e2863e76540>]}


============================== 21:10:08.778688 | e7f40e1a-072b-4ab6-b2e7-df90e3c09082 ==============================
[0m21:10:08.778688 [info ] [MainThread]: Running with dbt=1.12.4
[0m21:10:08.779925 [debug] [MainThread]: running dbt with arguments {'version_check': 'True', 'send_anonymous_usage_stats': 'True', 'use_experimental_parser': 'False', 'static_parser': 'True', 'write_json': 'True', 'printer_width': '80', 'partial_parse': 'True', 'maximum_seed_size_mib': '1', 'log_path': '/home/mballo/Projets/dagger-test/logs', 'invocation_command': 'dbt ', 'warn_error_options': 'WarnErrorOptionsV2(error=[], warn=[], silence=[])', 'indirect_selection': 'eager', 'hints_enabled': 'True', 'target_path': 'None', 'quiet': 'False', 'use_colors': 'True', 'warn_error': 'None', 'profiles_dir': '/home/mballo/Projets/dagger-test', 'debug': 'False', 'cache_selected_only': 'False', 'fail_fast': 'False', 'log_format': 'default', 'introspect': 'True', 'no_print': 'None', 'empty': 'None', 'log_cache_events': 'False'}
[0m21:10:08.898053 [error] [MainThread]: [[31mERROR[0m]: Encountered an error:
Runtime Error
  at path ['name']: 'dagger-test' does not match '^[^\\d\\W]\\w*$'

Error encountered in /home/mballo/Projets/dagger-test/dbt_project.yml
[0m21:10:08.900565 [debug] [MainThread]: Resource report: {"command_name": "deps", "command_success": false, "command_wall_clock_time": 0.2544226, "process_in_blocks": "88", "process_kernel_time": 0.237735, "process_mem_max_rss": "107124", "process_out_blocks": "16", "process_user_time": 2.426301}
[0m21:10:08.901778 [debug] [MainThread]: Command `cli deps` failed at 21:10:08.901478 after 0.26 seconds
[0m21:10:08.902709 [debug] [MainThread]: Sending event: {'category': 'dbt', 'action': 'invocation', 'label': 'end', 'context': [<snowplow_tracker.self_describing_json.SelfDescribingJson object at 0x7e2863a276b0>, <snowplow_tracker.self_describing_json.SelfDescribingJson object at 0x7e28653fff50>, <snowplow_tracker.self_describing_json.SelfDescribingJson object at 0x7e2866dff440>]}
[0m21:10:08.903554 [debug] [MainThread]: Flushing usage events
[0m21:10:09.811039 [debug] [MainThread]: An error was encountered while trying to flush usage events
[0m21:10:23.826495 [debug] [MainThread]: Sending event: {'category': 'dbt', 'action': 'invocation', 'label': 'start', 'context': [<snowplow_tracker.self_describing_json.SelfDescribingJson object at 0x7608db0a13a0>, <snowplow_tracker.self_describing_json.SelfDescribingJson object at 0x7608db3f3f50>, <snowplow_tracker.self_describing_json.SelfDescribingJson object at 0x7608dd4a12e0>]}


============================== 21:10:23.831488 | 16d3f39c-fb6a-4dde-b54c-3d970eda389e ==============================
[0m21:10:23.831488 [info ] [MainThread]: Running with dbt=1.12.4
[0m21:10:23.832469 [debug] [MainThread]: running dbt with arguments {'target_path': 'None', 'send_anonymous_usage_stats': 'True', 'introspect': 'True', 'indirect_selection': 'eager', 'empty': 'False', 'static_parser': 'True', 'write_json': 'True', 'invocation_command': 'dbt seed --profiles-dir .', 'cache_selected_only': 'False', 'maximum_seed_size_mib': '1', 'use_experimental_parser': 'False', 'hints_enabled': 'True', 'log_format': 'default', 'log_path': '/home/mballo/Projets/dagger-test/logs', 'debug': 'False', 'log_cache_events': 'False', 'warn_error': 'None', 'quiet': 'False', 'printer_width': '80', 'profiles_dir': '.', 'no_print': 'None', 'fail_fast': 'False', 'partial_parse': 'True', 'warn_error_options': 'WarnErrorOptionsV2(error=[], warn=[], silence=[])', 'use_colors': 'True', 'version_check': 'True'}
[0m21:10:24.137783 [error] [MainThread]: [[31mERROR[0m]: Encountered an error:
Runtime Error
  at path ['name']: 'dagger-test' does not match '^[^\\d\\W]\\w*$'

Error encountered in /home/mballo/Projets/dagger-test/dbt_project.yml
[0m21:10:24.139533 [debug] [MainThread]: Resource report: {"command_name": "seed", "command_success": false, "command_wall_clock_time": 0.44075933, "process_in_blocks": "0", "process_kernel_time": 0.306396, "process_mem_max_rss": "140308", "process_out_blocks": "8", "process_user_time": 2.813904}
[0m21:10:24.140421 [debug] [MainThread]: Command `dbt seed` failed at 21:10:24.140269 after 0.44 seconds
[0m21:10:24.141114 [debug] [MainThread]: Sending event: {'category': 'dbt', 'action': 'invocation', 'label': 'end', 'context': [<snowplow_tracker.self_describing_json.SelfDescribingJson object at 0x7608db1fbd70>, <snowplow_tracker.self_describing_json.SelfDescribingJson object at 0x7608db739340>, <snowplow_tracker.self_describing_json.SelfDescribingJson object at 0x7608da723620>]}
[0m21:10:24.141799 [debug] [MainThread]: Flushing usage events
[0m21:10:24.895420 [debug] [MainThread]: An error was encountered while trying to flush usage events
==================== 2026-09-10T19:14:22.969462Z | 01a08cbe-166d-74e1-8539-96ca859d942d ====================
19:14:22.971687 [info ]: dbt-fusion 2.0.0-preview.176
19:14:22.974291 [info ]: Started loading project
19:14:22.988196 [info ]: Loading profiles.yml
19:14:23.008426 [debug]:    Started loading packages
19:14:23.013500 [debug]:     Loaded [  0.01s] packages
19:14:23.015597 [info ]: Finished loading project [  0.04s]
19:14:23.016225 [info ]: Started parsing
19:14:23.109600 [debug]: Finished parsing models/marts/mart_customer_revenue.sql [  0.01s]
19:14:23.110528 [debug]: Finished parsing models/staging/stg_orders.sql [  0.00s]
19:14:23.115134 [info ]: Finished parsing [  0.10s]
19:14:23.117420 [info ]: Started scheduling
19:14:23.117576 [info ]: Finished scheduling [  0.00s]
19:14:23.336750 [info ]: Started building task graph
19:14:23.337515 [info ]: Finished building task graph [  0.00s]
19:14:23.574442 [debug]: Query executed on node unknown:
/* {"app": "dbt", "connection_name": "", "dbt_version": "2.0.0", "profile_name": "dagger_test", "target_name": "dev"} */

    
    select schema_name
    from system.information_schema.schemata
    
    where lower(catalog_name) = '"dev"'
    
  
  
19:14:23.581105 [debug]: Query executed on node unknown:
/* {"app": "dbt", "connection_name": "", "dbt_version": "2.0.0", "profile_name": "dagger_test", "target_name": "dev"} */

    
        select type from duckdb_databases()
        where lower(database_name)='dev'
        and type='sqlite'
    
  
19:14:23.583199 [debug]: Query executed on node unknown:
/* {"app": "dbt", "connection_name": "", "dbt_version": "2.0.0", "profile_name": "dagger_test", "target_name": "dev"} */

    
    
        create schema if not exists "dev"."main"
    
19:14:23.584368 [info ]: Started rendering (1 nodes)
19:14:23.585187 [info ]: Started seed main.raw_orders
19:14:23.585214 [debug]: Started rendering seed main.raw_orders
19:14:23.585750 [debug]: Finished rendering [  0.00s] seed main.raw_orders [success]
19:14:23.585816 [info ]: Finished rendering [  0.00s] (1 nodes, 0 skipped, 0 errors)
19:14:23.585863 [info ]: Started running (1 nodes)
19:14:23.585919 [info ]: Started running seed main.raw_orders
19:14:23.640835 [debug]: Query executed on node seed.dagger_test.raw_orders:
SELECT table_catalog, table_schema, table_name, table_type FROM information_schema.tables WHERE table_schema = 'main'
19:14:23.651691 [debug]: Query executed on node seed.dagger_test.raw_orders:
/* {"app": "dbt", "dbt_version": "2.0.0", "node_id": "seed.dagger_test.raw_orders", "profile_name": "dagger_test", "target_name": "dev"} */

    create table "dev"."main"."raw_orders" ("order_id" bigint,"customer_id" bigint,"order_date" date,"amount" double,"status" varchar)
  
19:14:23.685958 [debug]: Query executed on node seed.dagger_test.raw_orders:

          COPY "dev"."main"."raw_orders" FROM '/home/mballo/Projets/dagger_test/seeds/raw_orders.csv' (FORMAT CSV, HEADER TRUE, DELIMITER ',')
        
19:14:23.688385 [debug]: Writing runtime SQL for node "seed.dagger_test.raw_orders"
19:14:23.692385 [info ]: Finished running [  0.11s] seed main.raw_orders [success]
19:14:23.692495 [info ]: Finished running [  0.11s] (1 nodes, 0 skipped, 0 errors)
19:14:23.692534 [info ]:  Succeeded [  0.11s] seed  main.raw_orders (table)
19:14:23.938163 [info ]: New version available 2.0.0-preview.218 (run `dbt system update`)
19:14:24.022358 [info ]: 
==================== Execution Summary =====================
Finished 'seed' successfully for target 'dev' [1.1s]
Processed: 1 seed
Summary: 1 total | 1 success
==================== 2026-09-10T19:14:40.404294Z | 01a08cbe-5a92-7741-8c66-4fd3455f0bd5 ====================
19:14:40.404446 [info ]: dbt-fusion 2.0.0-preview.176
19:14:40.404771 [info ]: Started loading project
19:14:40.405907 [info ]: Loading profiles.yml
19:14:40.416693 [debug]:    Started loading packages
19:14:40.417997 [debug]:     Loaded [  0.00s] packages
19:14:40.419436 [info ]: Finished loading project [  0.01s]
19:14:40.420006 [info ]: Started parsing
19:14:40.482746 [debug]: Finished parsing models/marts/mart_customer_revenue.sql [  0.00s]
19:14:40.483754 [debug]: Finished parsing models/staging/stg_orders.sql [  0.00s]
19:14:40.488218 [info ]: Finished parsing [  0.07s]
19:14:40.488773 [info ]: Started scheduling
19:14:40.488972 [info ]: Finished scheduling [  0.00s]
19:14:40.492963 [debug]: Initializing schema store with entry: Frontier(CanonicalFqn { catalog: "dev", schema: "main", table: "raw_orders" }) and interval: None
19:14:40.718094 [info ]: Started building task graph
19:14:40.718328 [info ]: Finished building task graph [  0.00s]
19:14:40.755631 [debug]: Query executed on node unknown:
/* {"app": "dbt", "connection_name": "", "dbt_version": "2.0.0", "profile_name": "dagger_test", "target_name": "dev"} */

    
    select schema_name
    from system.information_schema.schemata
    
    where lower(catalog_name) = '"dev"'
    
  
  
19:14:40.757542 [debug]: Query executed on node unknown:
/* {"app": "dbt", "connection_name": "", "dbt_version": "2.0.0", "profile_name": "dagger_test", "target_name": "dev"} */

    
        select type from duckdb_databases()
        where lower(database_name)='dev'
        and type='sqlite'
    
  
19:14:40.758518 [debug]: Query executed on node unknown:
/* {"app": "dbt", "connection_name": "", "dbt_version": "2.0.0", "profile_name": "dagger_test", "target_name": "dev"} */

    
    
        create schema if not exists "dev"."main"
    
19:14:40.758804 [info ]: Started rendering (2 nodes)
19:14:40.758900 [info ]: Started model main.stg_orders
19:14:40.758918 [debug]: Started rendering model main.stg_orders
19:14:40.759902 [debug]: Compiled SQL for node model.dagger_test.stg_orders at target/compiled/dagger_test/models/staging/stg_orders.sql
19:14:40.760087 [debug]: Finished rendering [  0.00s] model main.stg_orders [success]
19:14:40.760195 [info ]: Started analyzing (2 nodes)
19:14:40.760241 [debug]: Started analyzing model main.stg_orders
19:14:40.767662 [debug]: Finished analyzing [  0.01s] model main.stg_orders [success]
19:14:40.767780 [info ]: Started running (2 nodes)
19:14:40.767984 [info ]: Started running model main.stg_orders
19:14:40.800177 [debug]: Query executed on node model.dagger_test.stg_orders:
SELECT table_catalog, table_schema, table_name, table_type FROM information_schema.tables WHERE table_schema = 'main'
19:14:40.803348 [debug]: Writing runtime sql for node "model.dagger_test.stg_orders"
19:14:40.807402 [debug]: Query executed on node model.dagger_test.stg_orders:
/* {"app": "dbt", "dbt_version": "2.0.0", "node_id": "model.dagger_test.stg_orders", "profile_name": "dagger_test", "target_name": "dev"} */

  
  create view "dev"."main"."stg_orders__dbt_tmp" as (
    select
    order_id,
    customer_id,
    order_date,
    amount,
    status
from "dev"."main"."raw_orders"
  );

19:14:40.812770 [debug]: Query executed on node model.dagger_test.stg_orders:
/* {"app": "dbt", "dbt_version": "2.0.0", "node_id": "model.dagger_test.stg_orders", "profile_name": "dagger_test", "target_name": "dev"} */

      alter view "dev"."main"."stg_orders__dbt_tmp" rename to "stg_orders"
    
19:14:40.816220 [debug]: Query executed on node model.dagger_test.stg_orders:
/* {"app": "dbt", "dbt_version": "2.0.0", "node_id": "model.dagger_test.stg_orders", "profile_name": "dagger_test", "target_name": "dev"} */

      drop view if exists "dev"."main"."stg_orders__dbt_backup" cascade
    
19:14:40.817161 [info ]: Finished running [  0.05s] model main.stg_orders [success]
19:14:40.817301 [info ]:  Succeeded [  0.06s] model main.stg_orders (view)
19:14:40.817388 [info ]: Started model main.mart_customer_revenue
19:14:40.817412 [debug]: Started rendering model main.mart_customer_revenue
19:14:40.818401 [debug]: Compiled SQL for node model.dagger_test.mart_customer_revenue at target/compiled/dagger_test/models/marts/mart_customer_revenue.sql
19:14:40.818554 [debug]: Finished rendering [  0.00s] model main.mart_customer_revenue [success]
19:14:40.818652 [info ]: Finished rendering [  0.06s] (2 nodes, 0 skipped, 0 errors)
19:14:40.818725 [debug]: Started analyzing model main.mart_customer_revenue
19:14:40.825141 [debug]: Finished analyzing [  0.01s] model main.mart_customer_revenue [success]
19:14:40.825282 [info ]: Finished analyzing [  0.07s] (2 nodes, 0 skipped, 0 errors)
19:14:40.825350 [info ]: Started running model main.mart_customer_revenue
19:14:40.829663 [debug]: Writing runtime sql for node "model.dagger_test.mart_customer_revenue"
19:14:40.841753 [debug]: Query executed on node model.dagger_test.mart_customer_revenue:
/* {"app": "dbt", "dbt_version": "2.0.0", "node_id": "model.dagger_test.mart_customer_revenue", "profile_name": "dagger_test", "target_name": "dev"} */

  
    
    

    create  table
      "dev"."main"."mart_customer_revenue__dbt_tmp"
  
    as (
      select
    customer_id,
    count(*) as nb_orders,
    sum(amount) as total_revenue
from "dev"."main"."stg_orders"
where status = 'completed'
group by customer_id
    );
  
  
19:14:40.846943 [debug]: Query executed on node model.dagger_test.mart_customer_revenue:
/* {"app": "dbt", "dbt_version": "2.0.0", "node_id": "model.dagger_test.mart_customer_revenue", "profile_name": "dagger_test", "target_name": "dev"} */

      alter table "dev"."main"."mart_customer_revenue__dbt_tmp" rename to "mart_customer_revenue"
    
19:14:40.850498 [debug]: Query executed on node model.dagger_test.mart_customer_revenue:
/* {"app": "dbt", "dbt_version": "2.0.0", "node_id": "model.dagger_test.mart_customer_revenue", "profile_name": "dagger_test", "target_name": "dev"} */

      drop table if exists "dev"."main"."mart_customer_revenue__dbt_backup" cascade
    
19:14:40.851347 [info ]: Finished running [  0.03s] model main.mart_customer_revenue [success]
19:14:40.851441 [info ]: Finished running [  0.08s] (2 nodes, 0 skipped, 0 errors)
19:14:40.851476 [info ]:  Succeeded [  0.03s] model main.mart_customer_revenue (table)
19:14:40.959509 [info ]: New version available 2.0.0-preview.218 (run `dbt system update`)
19:14:41.148909 [info ]: 
==================== Execution Summary =====================
Finished 'run' successfully for target 'dev' [744ms]
Processed: 2 models
Summary: 2 total | 2 success
==================== 2026-09-10T19:14:53.446384Z | 01a08cbe-8d84-7761-b123-bdc87a25b550 ====================
19:14:53.446552 [info ]: dbt-fusion 2.0.0-preview.176
19:14:53.447708 [info ]: Started loading project
19:14:53.449369 [info ]: Loading profiles.yml
19:14:53.463312 [debug]:    Started loading packages
19:14:53.468421 [debug]:     Loaded [  0.01s] packages
19:14:53.470583 [info ]: Finished loading project [  0.02s]
19:14:53.471293 [info ]: Started parsing
19:14:53.529766 [debug]: Finished parsing models/marts/mart_customer_revenue.sql [  0.00s]
19:14:53.530579 [debug]: Finished parsing models/staging/stg_orders.sql [  0.00s]
19:14:53.534575 [info ]: Finished parsing [  0.06s]
19:14:53.535012 [info ]: Started scheduling
19:14:53.535161 [info ]: Finished scheduling [  0.00s]
19:14:53.535243 [warn ]: dbt1601: Nothing to do. Try checking your model configs and model specification args
19:14:54.541122 [info ]: New version available 2.0.0-preview.218 (run `dbt system update`)
19:14:54.611008 [info ]: 
==================== Execution Summary =====================
Finished 'test' with 1 warning for target 'dev' [1.2s]
==================== 2026-09-10T19:15:06.098764Z | 01a08cbe-bef0-7190-a4f0-f745f0eaea7f ====================
19:15:06.098946 [info ]: dbt-fusion 2.0.0-preview.176
19:15:06.099298 [info ]: Started loading project
19:15:06.100581 [info ]: Loading profiles.yml
19:15:06.111943 [debug]:    Started loading packages
19:15:06.113464 [debug]:     Loaded [  0.00s] packages
19:15:06.114660 [info ]: Finished loading project [  0.02s]
19:15:06.115337 [info ]: Started parsing
19:15:06.181867 [debug]: Finished parsing models/marts/mart_customer_revenue.sql [  0.00s]
19:15:06.183154 [debug]: Finished parsing models/staging/stg_orders.sql [  0.00s]
19:15:06.189245 [info ]: Finished parsing [  0.07s]
19:15:06.192014 [info ]: Started scheduling
19:15:06.192212 [info ]: Finished scheduling [  0.00s]
19:15:06.420012 [info ]: Started building task graph
19:15:06.420247 [info ]: Finished building task graph [  0.00s]
19:15:06.460137 [debug]: Query executed on node unknown:
/* {"app": "dbt", "connection_name": "", "dbt_version": "2.0.0", "profile_name": "dagger_test", "target_name": "dev"} */

    
    select schema_name
    from system.information_schema.schemata
    
    where lower(catalog_name) = '"dev"'
    
  
  
19:15:06.461994 [debug]: Query executed on node unknown:
/* {"app": "dbt", "connection_name": "", "dbt_version": "2.0.0", "profile_name": "dagger_test", "target_name": "dev"} */

    
        select type from duckdb_databases()
        where lower(database_name)='dev'
        and type='sqlite'
    
  
19:15:06.463277 [debug]: Query executed on node unknown:
/* {"app": "dbt", "connection_name": "", "dbt_version": "2.0.0", "profile_name": "dagger_test", "target_name": "dev"} */

    
    
        create schema if not exists "dev"."main"
    
19:15:06.463591 [info ]: Started rendering (3 nodes)
19:15:06.463686 [info ]: Started seed main.raw_orders
19:15:06.463705 [debug]: Started rendering seed main.raw_orders
19:15:06.463813 [debug]: Finished rendering [  0.00s] seed main.raw_orders [success]
19:15:06.463923 [info ]: Started running (3 nodes)
19:15:06.463965 [info ]: Started running seed main.raw_orders
19:15:06.493127 [debug]: Query executed on node seed.dagger_test.raw_orders:
SELECT table_catalog, table_schema, table_name, table_type FROM information_schema.tables WHERE table_schema = 'main'
19:15:06.498448 [debug]: Query executed on node seed.dagger_test.raw_orders:
/* {"app": "dbt", "dbt_version": "2.0.0", "node_id": "seed.dagger_test.raw_orders", "profile_name": "dagger_test", "target_name": "dev"} */
truncate table "dev"."main"."raw_orders"
19:15:06.515375 [debug]: Query executed on node seed.dagger_test.raw_orders:

          COPY "dev"."main"."raw_orders" FROM '/home/mballo/Projets/dagger_test/seeds/raw_orders.csv' (FORMAT CSV, HEADER TRUE, DELIMITER ',')
        
19:15:06.517101 [debug]: Writing runtime SQL for node "seed.dagger_test.raw_orders"
19:15:06.519003 [info ]: Finished running [  0.06s] seed main.raw_orders [success]
19:15:06.519106 [info ]:  Succeeded [  0.06s] seed  main.raw_orders (table)
19:15:06.519190 [info ]: Started model main.stg_orders
19:15:06.519212 [debug]: Started rendering model main.stg_orders
19:15:06.520181 [debug]: Compiled SQL for node model.dagger_test.stg_orders at target/compiled/dagger_test/models/staging/stg_orders.sql
19:15:06.520352 [debug]: Finished rendering [  0.00s] model main.stg_orders [success]
19:15:06.520469 [info ]: Started analyzing (2 nodes)
19:15:06.520534 [debug]: Started analyzing model main.stg_orders
19:15:06.529611 [debug]: Finished analyzing [  0.01s] model main.stg_orders [success]
19:15:06.529743 [info ]: Started running model main.stg_orders
19:15:06.534654 [debug]: Writing runtime sql for node "model.dagger_test.stg_orders"
19:15:06.539789 [debug]: Query executed on node model.dagger_test.stg_orders:
/* {"app": "dbt", "dbt_version": "2.0.0", "node_id": "model.dagger_test.stg_orders", "profile_name": "dagger_test", "target_name": "dev"} */

  
  create view "dev"."main"."stg_orders__dbt_tmp" as (
    select
    order_id,
    customer_id,
    order_date,
    amount,
    status
from "dev"."main"."raw_orders"
  );

19:15:06.544438 [debug]: Query executed on node model.dagger_test.stg_orders:
/* {"app": "dbt", "dbt_version": "2.0.0", "node_id": "model.dagger_test.stg_orders", "profile_name": "dagger_test", "target_name": "dev"} */

      alter view "dev"."main"."stg_orders" rename to "stg_orders__dbt_backup"
    
19:15:06.548769 [debug]: Query executed on node model.dagger_test.stg_orders:
/* {"app": "dbt", "dbt_version": "2.0.0", "node_id": "model.dagger_test.stg_orders", "profile_name": "dagger_test", "target_name": "dev"} */

      alter view "dev"."main"."stg_orders__dbt_tmp" rename to "stg_orders"
    
19:15:06.555463 [debug]: Query executed on node model.dagger_test.stg_orders:
/* {"app": "dbt", "dbt_version": "2.0.0", "node_id": "model.dagger_test.stg_orders", "profile_name": "dagger_test", "target_name": "dev"} */

      drop view if exists "dev"."main"."stg_orders__dbt_backup" cascade
    
19:15:06.556483 [info ]: Finished running [  0.03s] model main.stg_orders [success]
19:15:06.556612 [info ]:  Succeeded [  0.04s] model main.stg_orders (view)
19:15:06.556721 [info ]: Started model main.mart_customer_revenue
19:15:06.556744 [debug]: Started rendering model main.mart_customer_revenue
19:15:06.557714 [debug]: Compiled SQL for node model.dagger_test.mart_customer_revenue at target/compiled/dagger_test/models/marts/mart_customer_revenue.sql
19:15:06.558196 [debug]: Finished rendering [  0.00s] model main.mart_customer_revenue [success]
19:15:06.558324 [info ]: Finished rendering [  0.09s] (3 nodes, 0 skipped, 0 errors)
19:15:06.558408 [debug]: Started analyzing model main.mart_customer_revenue
19:15:06.564469 [debug]: Finished analyzing [  0.01s] model main.mart_customer_revenue [success]
19:15:06.564584 [info ]: Finished analyzing [  0.04s] (2 nodes, 0 skipped, 0 errors)
19:15:06.564657 [info ]: Started running model main.mart_customer_revenue
19:15:06.569364 [debug]: Writing runtime sql for node "model.dagger_test.mart_customer_revenue"
19:15:06.582556 [debug]: Query executed on node model.dagger_test.mart_customer_revenue:
/* {"app": "dbt", "dbt_version": "2.0.0", "node_id": "model.dagger_test.mart_customer_revenue", "profile_name": "dagger_test", "target_name": "dev"} */

  
    
    

    create  table
      "dev"."main"."mart_customer_revenue__dbt_tmp"
  
    as (
      select
    customer_id,
    count(*) as nb_orders,
    sum(amount) as total_revenue
from "dev"."main"."stg_orders"
where status = 'completed'
group by customer_id
    );
  
  
19:15:06.586620 [debug]: Query executed on node model.dagger_test.mart_customer_revenue:
/* {"app": "dbt", "dbt_version": "2.0.0", "node_id": "model.dagger_test.mart_customer_revenue", "profile_name": "dagger_test", "target_name": "dev"} */

    SELECT index_name
    FROM duckdb_indexes()
    WHERE schema_name = 'main'
      AND table_name = 'mart_customer_revenue'
  
19:15:06.591186 [debug]: Query executed on node model.dagger_test.mart_customer_revenue:
/* {"app": "dbt", "dbt_version": "2.0.0", "node_id": "model.dagger_test.mart_customer_revenue", "profile_name": "dagger_test", "target_name": "dev"} */

    SELECT COUNT(*) as remaining_indexes
    FROM duckdb_indexes()
    WHERE schema_name = 'main'
      AND table_name = 'mart_customer_revenue'
  
19:15:06.596546 [debug]: Query executed on node model.dagger_test.mart_customer_revenue:
/* {"app": "dbt", "dbt_version": "2.0.0", "node_id": "model.dagger_test.mart_customer_revenue", "profile_name": "dagger_test", "target_name": "dev"} */

      alter table "dev"."main"."mart_customer_revenue" rename to "mart_customer_revenue__dbt_backup"
    
19:15:06.601968 [debug]: Query executed on node model.dagger_test.mart_customer_revenue:
/* {"app": "dbt", "dbt_version": "2.0.0", "node_id": "model.dagger_test.mart_customer_revenue", "profile_name": "dagger_test", "target_name": "dev"} */

      alter table "dev"."main"."mart_customer_revenue__dbt_tmp" rename to "mart_customer_revenue"
    
19:15:06.608693 [debug]: Query executed on node model.dagger_test.mart_customer_revenue:
/* {"app": "dbt", "dbt_version": "2.0.0", "node_id": "model.dagger_test.mart_customer_revenue", "profile_name": "dagger_test", "target_name": "dev"} */

      drop table if exists "dev"."main"."mart_customer_revenue__dbt_backup" cascade
    
19:15:06.609842 [info ]: Finished running [  0.05s] model main.mart_customer_revenue [success]
19:15:06.610107 [info ]: Finished running [  0.15s] (3 nodes, 0 skipped, 0 errors)
19:15:06.610260 [info ]:  Succeeded [  0.05s] model main.mart_customer_revenue (table)
19:15:06.817648 [info ]: New version available 2.0.0-preview.218 (run `dbt system update`)
19:15:06.871104 [info ]: 
==================== Execution Summary =====================
Finished 'build' successfully for target 'dev' [772ms]
Processed: 2 models | 1 seed
Summary: 3 total | 3 success
==================== 2026-09-10T19:32:10.656561Z | 01a08cce-611e-7d32-93f4-88b02fbbb4d3 ====================
19:32:10.656717 [info ]: dbt-fusion 2.0.0-preview.176
19:32:10.657094 [info ]: Started loading project
19:32:10.658242 [info ]: Loading profiles.yml
19:32:10.670688 [debug]:    Started loading packages
19:32:10.672019 [debug]:     Loaded [  0.00s] packages
19:32:10.673028 [info ]: Finished loading project [  0.02s]
19:32:10.673496 [info ]: Started parsing
19:32:10.738268 [debug]: Finished parsing models/schema.yml [  0.01s]
19:32:10.750080 [debug]: Finished parsing models/marts/mart_customer_revenue.sql [  0.00s]
19:32:10.751489 [debug]: Finished parsing models/staging/stg_orders.sql [  0.00s]
19:32:10.758247 [error]: dbt1159: Deprecated test arguments: ["values"] at top-level detected. Please migrate to the new format under the 'arguments' field: https://docs.getdbt.com/reference/deprecations#missingargumentspropertyingenerictestdeprecation.
  --> models/schema.yml:16:23
19:32:10.761261 [debug]: Finished parsing target/generic_tests/unique_mart_customer_revenue_customer_id.sql [  0.00s]
19:32:10.762704 [debug]: Finished parsing target/generic_tests/not_null_mart_customer_revenue_customer_id.sql [  0.00s]
19:32:10.764077 [debug]: Finished parsing target/generic_tests/not_null_mart_customer_revenue_total_revenue.sql [  0.00s]
19:32:10.765404 [debug]: Finished parsing target/generic_tests/not_null_stg_orders_customer_id.sql [  0.00s]
19:32:10.766500 [debug]: Finished parsing target/generic_tests/unique_stg_orders_order_id.sql [  0.00s]
19:32:10.767709 [debug]: Finished parsing target/generic_tests/not_null_stg_orders_order_id.sql [  0.00s]
19:32:10.769156 [debug]: Finished parsing target/generic_tests/accepted_values_stg_orders_c0c25593c42f49d1b02839a131e248ac.sql [  0.00s]
19:32:10.776191 [info ]: Finished parsing [  0.10s]
19:32:11.374696 [info ]: New version available 2.0.0-preview.218 (run `dbt system update`)
19:32:11.424449 [info ]: suggestion: Run 'dbt deps' to see the latest fusion compatible packages. For compatibility errors, try the autofix script: https://github.com/dbt-labs/dbt-autofix
19:32:11.424449 [info ]: 
==================== Execution Summary =====================
Finished 'test' with 1 error for target 'dev' [767ms]
==================== 2026-09-10T19:34:57.641138Z | 01a08cd0-ed66-78d3-ae5b-9df4a426f858 ====================
19:34:57.641309 [info ]: dbt-fusion 2.0.0-preview.176
19:34:57.643232 [info ]: Started loading project
19:34:57.648474 [info ]: Loading profiles.yml
19:34:57.659080 [debug]:    Started loading packages
19:34:57.660403 [debug]:     Loaded [  0.00s] packages
19:34:57.661532 [info ]: Finished loading project [  0.02s]
19:34:57.662144 [info ]: Started parsing
19:34:57.716488 [debug]: Finished parsing models/schema.yml [  0.00s]
19:34:57.717712 [error]: dbt1013: YAML error: columns[2].tests: data did not match any variant of untagged enum DataTests
  --> models/schema.yml:15:13
19:34:57.724984 [info ]: Finished parsing [  0.06s]
19:34:58.254334 [info ]: New version available 2.0.0-preview.218 (run `dbt system update`)
19:34:58.421082 [info ]: 
==================== Execution Summary =====================
Finished 'test' with 1 error for target 'dev' [779ms]
==================== 2026-09-10T19:35:31.677765Z | 01a08cd1-725b-75a1-a902-f7285293d29b ====================
19:35:31.678107 [info ]: dbt-fusion 2.0.0-preview.176
19:35:31.678674 [info ]: Started loading project
19:35:31.679935 [info ]: Loading profiles.yml
19:35:31.690880 [debug]:    Started loading packages
19:35:31.692255 [debug]:     Loaded [  0.00s] packages
19:35:31.693458 [info ]: Finished loading project [  0.01s]
19:35:31.694091 [info ]: Started parsing
19:35:31.748074 [debug]: Finished parsing models/schema.yml [  0.00s]
19:35:31.753624 [debug]: Finished parsing models/marts/mart_customer_revenue.sql [  0.00s]
19:35:31.754939 [debug]: Finished parsing models/staging/stg_orders.sql [  0.00s]
19:35:31.760054 [error]: dbt1159: Deprecated test arguments: ["argument"] at top-level detected. Please migrate to the new format under the 'arguments' field: https://docs.getdbt.com/reference/deprecations#missingargumentspropertyingenerictestdeprecation.
  --> models/schema.yml:17:17
19:35:31.763644 [debug]: Finished parsing target/generic_tests/unique_mart_customer_revenue_customer_id.sql [  0.00s]
19:35:31.764816 [debug]: Finished parsing target/generic_tests/not_null_mart_customer_revenue_customer_id.sql [  0.00s]
19:35:31.765959 [debug]: Finished parsing target/generic_tests/not_null_mart_customer_revenue_total_revenue.sql [  0.00s]
19:35:31.767138 [debug]: Finished parsing target/generic_tests/not_null_stg_orders_customer_id.sql [  0.00s]
19:35:31.768182 [debug]: Finished parsing target/generic_tests/unique_stg_orders_order_id.sql [  0.00s]
19:35:31.769198 [debug]: Finished parsing target/generic_tests/not_null_stg_orders_order_id.sql [  0.00s]
19:35:31.770086 [debug]: Finished parsing target/generic_tests/accepted_values_stg_orders_38ad25d7274b1a7f54a1c66e220ecd1d.sql [  0.00s]
19:35:31.776379 [info ]: Finished parsing [  0.08s]
19:35:32.345409 [info ]: New version available 2.0.0-preview.218 (run `dbt system update`)
19:35:32.398754 [info ]: suggestion: Run 'dbt deps' to see the latest fusion compatible packages. For compatibility errors, try the autofix script: https://github.com/dbt-labs/dbt-autofix
19:35:32.398754 [info ]: 
==================== Execution Summary =====================
Finished 'test' with 1 error for target 'dev' [720ms]
==================== 2026-09-10T19:38:57.727464Z | 01a08cd4-973d-7f42-9e94-fb0e2ae35693 ====================
19:38:57.727609 [info ]: dbt-fusion 2.0.0-preview.176
19:38:57.728085 [info ]: Started loading project
19:38:57.729520 [info ]: Loading profiles.yml
19:38:57.740440 [debug]:    Started loading packages
19:38:57.741726 [debug]:     Loaded [  0.00s] packages
19:38:57.742727 [info ]: Finished loading project [  0.01s]
19:38:57.743169 [info ]: Started parsing
19:38:57.803050 [debug]: Finished parsing models/schema.yml [  0.00s]
19:38:57.807423 [debug]: Finished parsing models/marts/mart_customer_revenue.sql [  0.00s]
19:38:57.809415 [debug]: Finished parsing models/staging/stg_orders.sql [  0.00s]
19:38:57.815514 [error]: dbt1159: Deprecated test arguments: ["argument"] at top-level detected. Please migrate to the new format under the 'arguments' field: https://docs.getdbt.com/reference/deprecations#missingargumentspropertyingenerictestdeprecation.
  --> models/schema.yml:17:17
19:38:57.818474 [debug]: Finished parsing target/generic_tests/unique_mart_customer_revenue_customer_id.sql [  0.00s]
19:38:57.819651 [debug]: Finished parsing target/generic_tests/not_null_mart_customer_revenue_customer_id.sql [  0.00s]
19:38:57.820529 [debug]: Finished parsing target/generic_tests/not_null_mart_customer_revenue_total_revenue.sql [  0.00s]
19:38:57.821366 [debug]: Finished parsing target/generic_tests/not_null_stg_orders_customer_id.sql [  0.00s]
19:38:57.822537 [debug]: Finished parsing target/generic_tests/unique_stg_orders_order_id.sql [  0.00s]
19:38:57.824972 [debug]: Finished parsing target/generic_tests/not_null_stg_orders_order_id.sql [  0.00s]
19:38:57.826197 [debug]: Finished parsing target/generic_tests/accepted_values_stg_orders_38ad25d7274b1a7f54a1c66e220ecd1d.sql [  0.00s]
19:38:57.831656 [info ]: Finished parsing [  0.09s]
19:38:58.638667 [info ]: New version available 2.0.0-preview.218 (run `dbt system update`)
19:38:58.696932 [info ]: suggestion: Run 'dbt deps' to see the latest fusion compatible packages. For compatibility errors, try the autofix script: https://github.com/dbt-labs/dbt-autofix
19:38:58.696932 [info ]: 
==================== Execution Summary =====================
Finished 'test' with 1 error for target 'dev' [969ms]
==================== 2026-09-10T19:41:08.310317Z | 01a08cd6-9554-70f2-94ff-853d8cbe4c63 ====================
19:41:08.310487 [info ]: dbt-fusion 2.0.0-preview.176
19:41:08.310837 [info ]: Started loading project
19:41:08.312039 [info ]: Loading profiles.yml
19:41:08.323193 [debug]:    Started loading packages
19:41:08.324676 [debug]:     Loaded [  0.00s] packages
19:41:08.325723 [info ]: Finished loading project [  0.01s]
19:41:08.326217 [info ]: Started parsing
19:41:08.380298 [debug]: Finished parsing models/schema.yml [  0.00s]
19:41:08.383485 [debug]: Finished parsing models/marts/mart_customer_revenue.sql [  0.00s]
19:41:08.384688 [debug]: Finished parsing models/staging/stg_orders.sql [  0.00s]
19:41:08.391988 [debug]: Finished parsing target/generic_tests/unique_mart_customer_revenue_customer_id.sql [  0.00s]
19:41:08.392741 [debug]: Finished parsing target/generic_tests/not_null_mart_customer_revenue_customer_id.sql [  0.00s]
19:41:08.393425 [debug]: Finished parsing target/generic_tests/not_null_mart_customer_revenue_total_revenue.sql [  0.00s]
19:41:08.394122 [debug]: Finished parsing target/generic_tests/not_null_stg_orders_customer_id.sql [  0.00s]
19:41:08.394824 [debug]: Finished parsing target/generic_tests/unique_stg_orders_order_id.sql [  0.00s]
19:41:08.396807 [debug]: Finished parsing target/generic_tests/not_null_stg_orders_order_id.sql [  0.00s]
19:41:08.397660 [debug]: Finished parsing target/generic_tests/accepted_values_stg_orders_c0c25593c42f49d1b02839a131e248ac.sql [  0.00s]
19:41:08.403088 [info ]: Finished parsing [  0.08s]
19:41:08.403553 [info ]: Started scheduling
19:41:08.403961 [info ]: Finished scheduling [  0.00s]
19:41:08.404959 [debug]: Initializing schema store with entry: Frontier(CanonicalFqn { catalog: "dev", schema: "main", table: "mart_customer_revenue" }) and interval: None
19:41:08.405003 [debug]: Initializing schema store with entry: Frontier(CanonicalFqn { catalog: "dev", schema: "main", table: "stg_orders" }) and interval: None
19:41:08.627900 [info ]: Started building task graph
19:41:08.628187 [info ]: Finished building task graph [  0.00s]
19:41:08.628502 [info ]: Started rendering (7 nodes)
19:41:08.628571 [info ]: Started test main_dbt_test__audit.unique_stg_orders_order_id
19:41:08.628595 [debug]: Started rendering test main_dbt_test__audit.unique_stg_orders_order_id
19:41:08.628635 [info ]: Started test main_dbt_test__audit.unique_mart_customer_revenue_customer_id
19:41:08.628652 [debug]: Started rendering test main_dbt_test__audit.unique_mart_customer_revenue_customer_id
19:41:08.628670 [info ]: Started test main_dbt_test__audit.not_null_stg_orders_order_id
19:41:08.628681 [debug]: Started rendering test main_dbt_test__audit.not_null_stg_orders_order_id
19:41:08.628698 [info ]: Started test main_dbt_test__audit.not_null_stg_orders_customer_id
19:41:08.628708 [debug]: Started rendering test main_dbt_test__audit.not_null_stg_orders_customer_id
19:41:08.628727 [info ]: Started test main_dbt_test__audit.not_null_mart_customer_revenue_total_revenue
19:41:08.628738 [debug]: Started rendering test main_dbt_test__audit.not_null_mart_customer_revenue_total_revenue
19:41:08.628756 [info ]: Started test main_dbt_test__audit.not_null_mart_customer_revenue_customer_id
19:41:08.628766 [debug]: Started rendering test main_dbt_test__audit.not_null_mart_customer_revenue_customer_id
19:41:08.628784 [info ]: Started test main_dbt_test__audit.accepted_values_stg_orders_status__completed__cancelled__pending
19:41:08.628794 [debug]: Started rendering test main_dbt_test__audit.accepted_values_stg_orders_status__completed__cancelled__pending
19:41:08.630980 [debug]: Compiled SQL for node test.dagger_test.unique_stg_orders_order_id.e3b841c71a at target/compiled/dagger_test/target/generic_tests/unique_stg_orders_order_id.sql
19:41:08.630980 [debug]: Compiled SQL for node test.dagger_test.unique_mart_customer_revenue_customer_id.97da55bad4 at target/compiled/dagger_test/target/generic_tests/unique_mart_customer_revenue_customer_id.sql
19:41:08.630990 [debug]: Compiled SQL for node test.dagger_test.not_null_stg_orders_order_id.81cfe2fe64 at target/compiled/dagger_test/target/generic_tests/not_null_stg_orders_order_id.sql
19:41:08.632271 [debug]: Compiled SQL for node test.dagger_test.not_null_mart_customer_revenue_customer_id.f463684890 at target/compiled/dagger_test/target/generic_tests/not_null_mart_customer_revenue_customer_id.sql
19:41:08.632261 [debug]: Compiled SQL for node test.dagger_test.accepted_values_stg_orders_status__completed__cancelled__pending.ee383a7b32 at target/compiled/dagger_test/target/generic_tests/accepted_values_stg_orders_c0c25593c42f49d1b02839a131e248ac.sql
19:41:08.632602 [debug]: Compiled SQL for node test.dagger_test.not_null_mart_customer_revenue_total_revenue.fc426a5091 at target/compiled/dagger_test/target/generic_tests/not_null_mart_customer_revenue_total_revenue.sql
19:41:08.632969 [debug]: Finished rendering [  0.00s] test main_dbt_test__audit.unique_stg_orders_order_id [success]
19:41:08.633107 [info ]: Started analyzing (7 nodes)
19:41:08.633167 [debug]: Started analyzing test main_dbt_test__audit.unique_stg_orders_order_id
19:41:08.633203 [debug]: Compiled SQL for node test.dagger_test.not_null_stg_orders_customer_id.af79d5e4b5 at target/compiled/dagger_test/target/generic_tests/not_null_stg_orders_customer_id.sql
19:41:08.633215 [debug]: Finished rendering [  0.00s] test main_dbt_test__audit.unique_mart_customer_revenue_customer_id [success]
19:41:08.633272 [debug]: Started analyzing test main_dbt_test__audit.unique_mart_customer_revenue_customer_id
19:41:08.633935 [debug]: Finished rendering [  0.01s] test main_dbt_test__audit.not_null_mart_customer_revenue_customer_id [success]
19:41:08.634027 [debug]: Started analyzing test main_dbt_test__audit.not_null_mart_customer_revenue_customer_id
19:41:08.634054 [debug]: Finished rendering [  0.01s] test main_dbt_test__audit.not_null_stg_orders_order_id [success]
19:41:08.634102 [debug]: Started analyzing test main_dbt_test__audit.not_null_stg_orders_order_id
19:41:08.634122 [debug]: Finished rendering [  0.01s] test main_dbt_test__audit.not_null_mart_customer_revenue_total_revenue [success]
19:41:08.634162 [debug]: Started analyzing test main_dbt_test__audit.not_null_mart_customer_revenue_total_revenue
19:41:08.634179 [debug]: Finished rendering [  0.01s] test main_dbt_test__audit.not_null_stg_orders_customer_id [success]
19:41:08.634219 [debug]: Started analyzing test main_dbt_test__audit.not_null_stg_orders_customer_id
19:41:08.634237 [debug]: Finished rendering [  0.01s] test main_dbt_test__audit.accepted_values_stg_orders_status__completed__cancelled__pending [success]
19:41:08.634272 [info ]: Finished rendering [  0.01s] (7 nodes, 0 skipped, 0 errors)
19:41:08.634307 [debug]: Started analyzing test main_dbt_test__audit.accepted_values_stg_orders_status__completed__cancelled__pending
19:41:08.641833 [debug]: Finished analyzing [  0.01s] test main_dbt_test__audit.not_null_mart_customer_revenue_customer_id [success]
19:41:08.647073 [info ]: Started running (7 nodes)
19:41:08.647143 [info ]: Started running test main_dbt_test__audit.not_null_mart_customer_revenue_customer_id
19:41:08.647197 [debug]: Finished analyzing [  0.01s] test main_dbt_test__audit.unique_stg_orders_order_id [success]
19:41:08.647258 [info ]: Started running test main_dbt_test__audit.unique_stg_orders_order_id
19:41:08.647287 [debug]: Finished analyzing [  0.01s] test main_dbt_test__audit.unique_mart_customer_revenue_customer_id [success]
19:41:08.647335 [info ]: Started running test main_dbt_test__audit.unique_mart_customer_revenue_customer_id
19:41:08.647354 [debug]: Finished analyzing [  0.01s] test main_dbt_test__audit.not_null_stg_orders_order_id [success]
19:41:08.647394 [info ]: Started running test main_dbt_test__audit.not_null_stg_orders_order_id
19:41:08.647413 [debug]: Finished analyzing [  0.01s] test main_dbt_test__audit.not_null_mart_customer_revenue_total_revenue [success]
19:41:08.647450 [info ]: Started running test main_dbt_test__audit.not_null_mart_customer_revenue_total_revenue
19:41:08.647473 [debug]: Finished analyzing [  0.01s] test main_dbt_test__audit.not_null_stg_orders_customer_id [success]
19:41:08.647511 [info ]: Started running test main_dbt_test__audit.not_null_stg_orders_customer_id
19:41:08.647530 [debug]: Finished analyzing [  0.01s] test main_dbt_test__audit.accepted_values_stg_orders_status__completed__cancelled__pending [success]
19:41:08.647562 [info ]: Finished analyzing [  0.01s] (7 nodes, 0 skipped, 0 errors)
19:41:08.647592 [info ]: Started running test main_dbt_test__audit.accepted_values_stg_orders_status__completed__cancelled__pending
19:41:08.650776 [debug]: Writing runtime sql for node "test.dagger_test.not_null_mart_customer_revenue_total_revenue.fc426a5091"
19:41:08.652672 [debug]: Writing runtime sql for node "test.dagger_test.unique_mart_customer_revenue_customer_id.97da55bad4"
19:41:08.652672 [debug]: Writing runtime sql for node "test.dagger_test.not_null_mart_customer_revenue_customer_id.f463684890"
19:41:08.653187 [debug]: Writing runtime sql for node "test.dagger_test.not_null_stg_orders_customer_id.af79d5e4b5"
19:41:08.655438 [debug]: Writing runtime sql for node "test.dagger_test.not_null_stg_orders_order_id.81cfe2fe64"
19:41:08.656449 [debug]: Writing runtime sql for node "test.dagger_test.accepted_values_stg_orders_status__completed__cancelled__pending.ee383a7b32"
19:41:08.656770 [debug]: Writing runtime sql for node "test.dagger_test.unique_stg_orders_order_id.e3b841c71a"
19:41:08.704043 [debug]: Query executed on node test.dagger_test.not_null_mart_customer_revenue_customer_id.f463684890:
/* {"app": "dbt", "dbt_version": "2.0.0", "node_id": "test.dagger_test.not_null_mart_customer_revenue_customer_id.f463684890", "profile_name": "dagger_test", "target_name": "dev"} */

    
    select
      count(*) as failures,
      count(*) != 0 as should_warn,
      count(*) != 0 as should_error
    from (
      
    
  
    
    



select customer_id
from "dev"."main"."mart_customer_revenue"
where customer_id is null



  
  
      
    ) dbt_internal_test
19:41:08.704216 [debug]: Query executed on node test.dagger_test.not_null_mart_customer_revenue_total_revenue.fc426a5091:
/* {"app": "dbt", "dbt_version": "2.0.0", "node_id": "test.dagger_test.not_null_mart_customer_revenue_total_revenue.fc426a5091", "profile_name": "dagger_test", "target_name": "dev"} */

    
    select
      count(*) as failures,
      count(*) != 0 as should_warn,
      count(*) != 0 as should_error
    from (
      
    
  
    
    



select total_revenue
from "dev"."main"."mart_customer_revenue"
where total_revenue is null



  
  
      
    ) dbt_internal_test
19:41:08.704717 [debug]: Query executed on node test.dagger_test.not_null_stg_orders_order_id.81cfe2fe64:
/* {"app": "dbt", "dbt_version": "2.0.0", "node_id": "test.dagger_test.not_null_stg_orders_order_id.81cfe2fe64", "profile_name": "dagger_test", "target_name": "dev"} */

    
    select
      count(*) as failures,
      count(*) != 0 as should_warn,
      count(*) != 0 as should_error
    from (
      
    
  
    
    



select order_id
from "dev"."main"."stg_orders"
where order_id is null



  
  
      
    ) dbt_internal_test
19:41:08.704828 [debug]: Query executed on node test.dagger_test.unique_stg_orders_order_id.e3b841c71a:
/* {"app": "dbt", "dbt_version": "2.0.0", "node_id": "test.dagger_test.unique_stg_orders_order_id.e3b841c71a", "profile_name": "dagger_test", "target_name": "dev"} */

    
    select
      count(*) as failures,
      count(*) != 0 as should_warn,
      count(*) != 0 as should_error
    from (
      
    
  
    
    

select
    order_id as unique_field,
    count(*) as n_records

from "dev"."main"."stg_orders"
where order_id is not null
group by order_id
having count(*) > 1



  
  
      
    ) dbt_internal_test
19:41:08.705486 [debug]: Query executed on node test.dagger_test.not_null_stg_orders_customer_id.af79d5e4b5:
/* {"app": "dbt", "dbt_version": "2.0.0", "node_id": "test.dagger_test.not_null_stg_orders_customer_id.af79d5e4b5", "profile_name": "dagger_test", "target_name": "dev"} */

    
    select
      count(*) as failures,
      count(*) != 0 as should_warn,
      count(*) != 0 as should_error
    from (
      
    
  
    
    



select customer_id
from "dev"."main"."stg_orders"
where customer_id is null



  
  
      
    ) dbt_internal_test
19:41:08.705494 [debug]: Query executed on node test.dagger_test.unique_mart_customer_revenue_customer_id.97da55bad4:
/* {"app": "dbt", "dbt_version": "2.0.0", "node_id": "test.dagger_test.unique_mart_customer_revenue_customer_id.97da55bad4", "profile_name": "dagger_test", "target_name": "dev"} */

    
    select
      count(*) as failures,
      count(*) != 0 as should_warn,
      count(*) != 0 as should_error
    from (
      
    
  
    
    

select
    customer_id as unique_field,
    count(*) as n_records

from "dev"."main"."mart_customer_revenue"
where customer_id is not null
group by customer_id
having count(*) > 1



  
  
      
    ) dbt_internal_test
19:41:08.705743 [debug]: Query executed on node test.dagger_test.accepted_values_stg_orders_status__completed__cancelled__pending.ee383a7b32:
/* {"app": "dbt", "dbt_version": "2.0.0", "node_id": "test.dagger_test.accepted_values_stg_orders_status__completed__cancelled__pending.ee383a7b32", "profile_name": "dagger_test", "target_name": "dev"} */

    
    select
      count(*) as failures,
      count(*) != 0 as should_warn,
      count(*) != 0 as should_error
    from (
      
    
  
    
    

with all_values as (

    select
        status as value_field,
        count(*) as n_records

    from "dev"."main"."stg_orders"
    group by status

)

select *
from all_values
where value_field not in (
    'completed','cancelled','pending'
)



  
  
      
    ) dbt_internal_test
19:41:08.707451 [info ]: Finished running [  0.06s] test main_dbt_test__audit.accepted_values_stg_orders_status__completed__cancelled__pending [pass]
19:41:08.708020 [info ]:     Passed [  0.08s] test  accepted_values_stg_orders_status__completed__cancelled__pending
19:41:08.708410 [info ]: Finished running [  0.06s] test main_dbt_test__audit.not_null_mart_customer_revenue_customer_id [pass]
19:41:08.708679 [info ]:     Passed [  0.07s] test  not_null_mart_customer_revenue_customer_id
19:41:08.708941 [info ]: Finished running [  0.06s] test main_dbt_test__audit.unique_mart_customer_revenue_customer_id [pass]
19:41:08.709006 [info ]:     Passed [  0.08s] test  unique_mart_customer_revenue_customer_id
19:41:08.709204 [info ]: Finished running [  0.06s] test main_dbt_test__audit.not_null_mart_customer_revenue_total_revenue [pass]
19:41:08.709412 [info ]:     Passed [  0.08s] test  not_null_mart_customer_revenue_total_revenue
19:41:08.709465 [info ]: Finished running [  0.06s] test main_dbt_test__audit.not_null_stg_orders_order_id [pass]
19:41:08.709502 [info ]:     Passed [  0.08s] test  not_null_stg_orders_order_id
19:41:08.709542 [info ]: Finished running [  0.06s] test main_dbt_test__audit.unique_stg_orders_order_id [pass]
19:41:08.709632 [info ]:     Passed [  0.08s] test  unique_stg_orders_order_id
19:41:08.709737 [info ]: Finished running [  0.06s] test main_dbt_test__audit.not_null_stg_orders_customer_id [pass]
19:41:08.709773 [info ]: Finished running [  0.06s] (7 nodes, 0 skipped, 0 errors)
19:41:08.709800 [info ]:     Passed [  0.08s] test  not_null_stg_orders_customer_id
19:41:09.094007 [info ]: New version available 2.0.0-preview.218 (run `dbt system update`)
19:41:09.147787 [info ]: 
==================== Execution Summary =====================
Finished 'test' successfully for target 'dev' [837ms]
Processed: 7 tests
Summary: 7 total | 7 success
==================== 2026-09-16T20:00:16.864222Z | 01a0abce-43cd-7630-af78-a2eedfc8f62b ====================
20:00:16.867285 [info ]: dbt-fusion 2.0.0-preview.176
20:00:16.871643 [info ]: Started loading project
20:00:16.895877 [info ]: Loading profiles.yml
20:00:16.903304 [info ]: Finished loading project [  0.03s]
20:00:16.903926 [info ]: Started debugging
20:00:16.904066 [info ]: Debugging profile: dev
20:00:16.904158 [info ]: Debugging dbt version: 2.0.0-preview.176
20:00:16.904193 [info ]: Debugging platform: linux x86_64 (unix)
20:00:16.904254 [info ]: Debugging adapter type: duckdb (remote)
20:00:16.909393 [info ]: Debugging dependencies:
  git: OK
20:00:16.912655 [info ]: Debugging connection:
  "path": "target/dev.duckdb"
20:00:17.266131 [debug]: Query executed on node unknown:
select 1 as id
20:00:17.271428 [info ]: Debugging connection test: OK
20:00:17.280175 [info ]: Debugged All checks passed!
20:00:17.280475 [info ]: Finished debugging [  0.38s]
20:00:18.326220 [info ]: 
==================== Execution Summary =====================
Finished 'debug' successfully for target 'dev' [1.5s]
==================== 2026-09-16T20:00:48.874186Z | 01a0abce-c0e4-7c43-8536-d71f2be7aadb ====================
20:00:48.874768 [info ]: dbt-fusion 2.0.0-preview.176
20:00:48.875840 [info ]: Started loading project
20:00:48.882748 [info ]: Loading profiles.yml
20:00:48.887157 [info ]: Finished loading project [  0.01s]
20:00:48.887491 [info ]: Started debugging
20:00:48.887701 [info ]: Debugging profile: dev
20:00:48.889590 [info ]: Debugging dbt version: 2.0.0-preview.176
20:00:48.889743 [info ]: Debugging platform: linux x86_64 (unix)
20:00:48.890709 [info ]: Debugging adapter type: duckdb (remote)
20:00:48.901242 [info ]: Debugging dependencies:
  git: OK
20:00:48.901877 [info ]: Debugging connection:
  "path": "target/dev.duckdb"
20:00:48.980926 [debug]: Query executed on node unknown:
select 1 as id
20:00:48.981104 [info ]: Debugging connection test: OK
20:00:48.983928 [info ]: Debugged All checks passed!
20:00:48.984052 [info ]: Finished debugging [  0.10s]
20:00:50.227771 [info ]: 
==================== Execution Summary =====================
Finished 'debug' successfully for target 'dev' [1.4s]
==================== 2026-09-16T20:11:52.141529Z | 01a0abd8-dfc7-7e41-b436-f5d7a7776fe8 ====================
20:11:52.141997 [info ]: dbt-fusion 2.0.0-preview.176
20:11:52.143047 [info ]: Started loading project
20:11:52.146871 [info ]: Loading profiles.yml
20:11:52.196746 [debug]:    Started loading packages
20:11:52.203607 [debug]:     Loaded [  0.01s] packages
20:11:52.207052 [info ]: Finished loading project [  0.06s]
20:11:52.208554 [info ]: Started parsing
20:11:52.291588 [debug]: Finished parsing models/schema.yml [  0.00s]
20:11:52.316259 [debug]: Finished parsing models/intermediate/int_customer_revenue.sql [  0.01s]
20:11:52.317390 [debug]: Finished parsing models/marts/mart_customer_revenue.sql [  0.00s]
20:11:52.318233 [debug]: Finished parsing models/staging/stg_orders.sql [  0.00s]
20:11:52.329496 [debug]: Finished parsing target/generic_tests/unique_mart_customer_revenue_customer_id.sql [  0.00s]
20:11:52.330563 [debug]: Finished parsing target/generic_tests/not_null_mart_customer_revenue_customer_id.sql [  0.00s]
20:11:52.331500 [debug]: Finished parsing target/generic_tests/not_null_mart_customer_revenue_total_revenue.sql [  0.00s]
20:11:52.332577 [debug]: Finished parsing target/generic_tests/not_null_stg_orders_customer_id.sql [  0.00s]
20:11:52.333502 [debug]: Finished parsing target/generic_tests/unique_stg_orders_order_id.sql [  0.00s]
20:11:52.334479 [debug]: Finished parsing target/generic_tests/not_null_stg_orders_order_id.sql [  0.00s]
20:11:52.335532 [debug]: Finished parsing target/generic_tests/accepted_values_stg_orders_c0c25593c42f49d1b02839a131e248ac.sql [  0.00s]
20:11:52.341212 [error]: dbt1048: Ref 'stg_customers' not found in project. Searched for 'dagger_test.stg_customers, stg_customers'
  --> models/intermediate/int_customer_revenue.sql:8:6
20:11:52.342648 [info ]: Finished parsing [  0.13s]
20:11:54.023649 [info ]: 
==================== Execution Summary =====================
Finished 'run' with 1 error for target 'dev' [1.9s]
==================== 2026-09-16T20:12:36.574277Z | 01a0abd9-8d54-75f2-b3ff-6590923e9c6c ====================
20:12:36.574757 [info ]: dbt-fusion 2.0.0-preview.176
20:12:36.575643 [info ]: Started loading project
20:12:36.578139 [info ]: Loading profiles.yml
20:12:36.602168 [debug]:    Started loading packages
20:12:36.605425 [debug]:     Loaded [  0.00s] packages
20:12:36.608685 [info ]: Finished loading project [  0.03s]
20:12:36.610288 [info ]: Started parsing
20:12:36.707014 [debug]: Finished parsing models/schema.yml [  0.00s]
20:12:36.711232 [debug]: Finished parsing models/intermediate/int_customer_revenue.sql [  0.00s]
20:12:36.712370 [debug]: Finished parsing models/marts/mart_customer_revenue.sql [  0.00s]
20:12:36.713183 [debug]: Finished parsing models/staging/stg_orders.sql [  0.00s]
20:12:36.719802 [debug]: Finished parsing target/generic_tests/unique_mart_customer_revenue_customer_id.sql [  0.00s]
20:12:36.720836 [debug]: Finished parsing target/generic_tests/not_null_mart_customer_revenue_customer_id.sql [  0.00s]
20:12:36.721666 [debug]: Finished parsing target/generic_tests/not_null_mart_customer_revenue_total_revenue.sql [  0.00s]
20:12:36.722427 [debug]: Finished parsing target/generic_tests/not_null_stg_orders_customer_id.sql [  0.00s]
20:12:36.723117 [debug]: Finished parsing target/generic_tests/unique_stg_orders_order_id.sql [  0.00s]
20:12:36.723809 [debug]: Finished parsing target/generic_tests/not_null_stg_orders_order_id.sql [  0.00s]
20:12:36.724513 [debug]: Finished parsing target/generic_tests/accepted_values_stg_orders_c0c25593c42f49d1b02839a131e248ac.sql [  0.00s]
20:12:36.728864 [error]: dbt1048: Ref 'stg_customers' not found in project. Searched for 'dagger_test.stg_customers, stg_customers'
  --> models/intermediate/int_customer_revenue.sql:8:6
20:12:36.730266 [info ]: Finished parsing [  0.12s]
20:12:37.514115 [info ]: 
==================== Execution Summary =====================
Finished 'run' with 1 error for target 'dev' [939ms]
==================== 2026-09-16T20:13:20.672845Z | 01a0abda-3999-7921-90b4-b9d5353bcbfa ====================
20:13:20.673279 [info ]: dbt-fusion 2.0.0-preview.176
20:13:20.674313 [info ]: Started loading project
20:13:20.677945 [info ]: Loading profiles.yml
20:13:20.712455 [debug]:    Started loading packages
20:13:20.716163 [debug]:     Loaded [  0.00s] packages
20:13:20.719512 [info ]: Finished loading project [  0.05s]
20:13:20.721161 [info ]: Started parsing
20:13:20.793762 [debug]: Finished parsing models/schema.yml [  0.00s]
20:13:20.798587 [debug]: Finished parsing models/intermediate/int_customer_revenue.sql [  0.00s]
20:13:20.799475 [debug]: Finished parsing models/marts/mart_customer_revenue.sql [  0.00s]
20:13:20.800221 [debug]: Finished parsing models/staging/stg_orders.sql [  0.00s]
20:13:20.807330 [debug]: Finished parsing target/generic_tests/unique_mart_customer_revenue_customer_id.sql [  0.00s]
20:13:20.808153 [debug]: Finished parsing target/generic_tests/not_null_mart_customer_revenue_customer_id.sql [  0.00s]
20:13:20.808912 [debug]: Finished parsing target/generic_tests/not_null_mart_customer_revenue_total_revenue.sql [  0.00s]
20:13:20.809647 [debug]: Finished parsing target/generic_tests/not_null_stg_orders_customer_id.sql [  0.00s]
20:13:20.810402 [debug]: Finished parsing target/generic_tests/unique_stg_orders_order_id.sql [  0.00s]
20:13:20.811190 [debug]: Finished parsing target/generic_tests/not_null_stg_orders_order_id.sql [  0.00s]
20:13:20.811914 [debug]: Finished parsing target/generic_tests/accepted_values_stg_orders_c0c25593c42f49d1b02839a131e248ac.sql [  0.00s]
20:13:20.817258 [info ]: Finished parsing [  0.10s]
20:13:20.818282 [info ]: Started scheduling
20:13:20.818540 [info ]: Finished scheduling [  0.00s]
20:13:20.820183 [debug]: Initializing schema store with entry: Frontier(CanonicalFqn { catalog: "dev", schema: "main", table: "raw_orders" }) and interval: None
20:13:21.043069 [info ]: Started building task graph
20:13:21.044118 [info ]: Finished building task graph [  0.00s]
20:13:21.097436 [debug]: Query executed on node unknown:
/* {"app": "dbt", "connection_name": "", "dbt_version": "2.0.0", "profile_name": "dagger_test", "target_name": "dev"} */

    
    select schema_name
    from system.information_schema.schemata
    
    where lower(catalog_name) = '"dev"'
    
  
  
20:13:21.101377 [debug]: Query executed on node unknown:
/* {"app": "dbt", "connection_name": "", "dbt_version": "2.0.0", "profile_name": "dagger_test", "target_name": "dev"} */

    
        select type from duckdb_databases()
        where lower(database_name)='dev'
        and type='sqlite'
    
  
20:13:21.102991 [debug]: Query executed on node unknown:
/* {"app": "dbt", "connection_name": "", "dbt_version": "2.0.0", "profile_name": "dagger_test", "target_name": "dev"} */

    
    
        create schema if not exists "dev"."main"
    
20:13:21.103735 [info ]: Started rendering (1 nodes)
20:13:21.103837 [info ]: Started model main.stg_orders
20:13:21.103854 [debug]: Started rendering model main.stg_orders
20:13:21.104819 [debug]: Compiled SQL for node model.dagger_test.stg_orders at target/compiled/dagger_test/models/staging/stg_orders.sql
20:13:21.105108 [debug]: Finished rendering [  0.00s] model main.stg_orders [success]
20:13:21.105187 [info ]: Finished rendering [  0.00s] (1 nodes, 0 skipped, 0 errors)
20:13:21.105239 [info ]: Started analyzing (1 nodes)
20:13:21.105292 [debug]: Started analyzing model main.stg_orders
20:13:21.113746 [debug]: Finished analyzing [  0.01s] model main.stg_orders [success]
20:13:21.113859 [info ]: Finished analyzing [  0.01s] (1 nodes, 0 skipped, 0 errors)
20:13:21.113907 [info ]: Started running (1 nodes)
20:13:21.113961 [info ]: Started running model main.stg_orders
20:13:21.169370 [debug]: Query executed on node model.dagger_test.stg_orders:
SELECT table_catalog, table_schema, table_name, table_type FROM information_schema.tables WHERE table_schema = 'main'
20:13:21.174800 [debug]: Writing runtime sql for node "model.dagger_test.stg_orders"
20:13:21.180268 [debug]: Query executed on node model.dagger_test.stg_orders:
/* {"app": "dbt", "dbt_version": "2.0.0", "node_id": "model.dagger_test.stg_orders", "profile_name": "dagger_test", "target_name": "dev"} */

  
  create view "dev"."main"."stg_orders__dbt_tmp" as (
    select
    order_id,
    customer_id,
    order_date,
    amount,
    status
from "dev"."main"."raw_orders"
  );

20:13:21.186187 [debug]: Query executed on node model.dagger_test.stg_orders:
/* {"app": "dbt", "dbt_version": "2.0.0", "node_id": "model.dagger_test.stg_orders", "profile_name": "dagger_test", "target_name": "dev"} */

      alter view "dev"."main"."stg_orders" rename to "stg_orders__dbt_backup"
    
20:13:21.190436 [debug]: Query executed on node model.dagger_test.stg_orders:
/* {"app": "dbt", "dbt_version": "2.0.0", "node_id": "model.dagger_test.stg_orders", "profile_name": "dagger_test", "target_name": "dev"} */

      alter view "dev"."main"."stg_orders__dbt_tmp" rename to "stg_orders"
    
20:13:21.196153 [debug]: Query executed on node model.dagger_test.stg_orders:
/* {"app": "dbt", "dbt_version": "2.0.0", "node_id": "model.dagger_test.stg_orders", "profile_name": "dagger_test", "target_name": "dev"} */

      drop view if exists "dev"."main"."stg_orders__dbt_backup" cascade
    
20:13:21.198113 [info ]: Finished running [  0.08s] model main.stg_orders [success]
20:13:21.198215 [info ]: Finished running [  0.08s] (1 nodes, 0 skipped, 0 errors)
20:13:21.198262 [info ]:  Succeeded [  0.09s] model main.stg_orders (view)
20:13:22.383186 [info ]: 
==================== Execution Summary =====================
Finished 'run' successfully for target 'dev' [1.7s]
Processed: 1 model
Summary: 1 total | 1 success
==================== 2026-09-16T20:13:41.300263Z | 01a0abda-8a2e-7101-98a6-c6c829617f0b ====================
20:13:41.300737 [info ]: dbt-fusion 2.0.0-preview.176
20:13:41.302275 [info ]: Started loading project
20:13:41.305894 [info ]: Loading profiles.yml
20:13:41.343974 [debug]:    Started loading packages
20:13:41.349504 [debug]:     Loaded [  0.01s] packages
20:13:41.352779 [info ]: Finished loading project [  0.05s]
20:13:41.354422 [info ]: Started parsing
20:13:41.441553 [debug]: Finished parsing models/schema.yml [  0.01s]
20:13:41.448552 [debug]: Finished parsing models/intermediate/int_customer_revenue.sql [  0.00s]
20:13:41.449852 [debug]: Finished parsing models/marts/mart_customer_revenue.sql [  0.00s]
20:13:41.451043 [debug]: Finished parsing models/staging/stg_orders.sql [  0.00s]
20:13:41.464283 [debug]: Finished parsing target/generic_tests/unique_mart_customer_revenue_customer_id.sql [  0.00s]
20:13:41.465767 [debug]: Finished parsing target/generic_tests/not_null_mart_customer_revenue_customer_id.sql [  0.00s]
20:13:41.467281 [debug]: Finished parsing target/generic_tests/not_null_mart_customer_revenue_total_revenue.sql [  0.00s]
20:13:41.468636 [debug]: Finished parsing target/generic_tests/not_null_stg_orders_customer_id.sql [  0.00s]
20:13:41.470036 [debug]: Finished parsing target/generic_tests/unique_stg_orders_order_id.sql [  0.00s]
20:13:41.471487 [debug]: Finished parsing target/generic_tests/not_null_stg_orders_order_id.sql [  0.00s]
20:13:41.472870 [debug]: Finished parsing target/generic_tests/accepted_values_stg_orders_c0c25593c42f49d1b02839a131e248ac.sql [  0.00s]
20:13:41.481137 [info ]: Finished parsing [  0.13s]
20:13:41.482329 [info ]: Started scheduling
20:13:41.482796 [info ]: Finished scheduling [  0.00s]
20:13:41.484596 [debug]: Initializing schema store with entry: Frontier(CanonicalFqn { catalog: "dev", schema: "main", table: "raw_orders" }) and interval: None
20:13:41.771155 [info ]: Started building task graph
20:13:41.771408 [info ]: Finished building task graph [  0.00s]
20:13:41.810491 [debug]: Query executed on node unknown:
/* {"app": "dbt", "connection_name": "", "dbt_version": "2.0.0", "profile_name": "dagger_test", "target_name": "dev"} */

    
    select schema_name
    from system.information_schema.schemata
    
    where lower(catalog_name) = '"dev"'
    
  
  
20:13:41.812524 [debug]: Query executed on node unknown:
/* {"app": "dbt", "connection_name": "", "dbt_version": "2.0.0", "profile_name": "dagger_test", "target_name": "dev"} */

    
        select type from duckdb_databases()
        where lower(database_name)='dev'
        and type='sqlite'
    
  
20:13:41.813778 [debug]: Query executed on node unknown:
/* {"app": "dbt", "connection_name": "", "dbt_version": "2.0.0", "profile_name": "dagger_test", "target_name": "dev"} */

    
    
        create schema if not exists "dev"."main"
    
20:13:41.814787 [info ]: Started rendering (3 nodes)
20:13:41.814882 [info ]: Started model main.stg_orders
20:13:41.814901 [debug]: Started rendering model main.stg_orders
20:13:41.815854 [debug]: Compiled SQL for node model.dagger_test.stg_orders at target/compiled/dagger_test/models/staging/stg_orders.sql
20:13:41.816024 [debug]: Finished rendering [  0.00s] model main.stg_orders [success]
20:13:41.816111 [info ]: Started analyzing (3 nodes)
20:13:41.816163 [debug]: Started analyzing model main.stg_orders
20:13:41.824374 [debug]: Finished analyzing [  0.01s] model main.stg_orders [success]
20:13:41.824493 [info ]: Started running (3 nodes)
20:13:41.824552 [info ]: Started running model main.stg_orders
20:13:41.851042 [debug]: Query executed on node model.dagger_test.stg_orders:
SELECT table_catalog, table_schema, table_name, table_type FROM information_schema.tables WHERE table_schema = 'main'
20:13:41.855363 [debug]: Writing runtime sql for node "model.dagger_test.stg_orders"
20:13:41.859677 [debug]: Query executed on node model.dagger_test.stg_orders:
/* {"app": "dbt", "dbt_version": "2.0.0", "node_id": "model.dagger_test.stg_orders", "profile_name": "dagger_test", "target_name": "dev"} */

  
  create view "dev"."main"."stg_orders__dbt_tmp" as (
    select
    order_id,
    customer_id,
    order_date,
    amount,
    status
from "dev"."main"."raw_orders"
  );

20:13:41.865301 [debug]: Query executed on node model.dagger_test.stg_orders:
/* {"app": "dbt", "dbt_version": "2.0.0", "node_id": "model.dagger_test.stg_orders", "profile_name": "dagger_test", "target_name": "dev"} */

      alter view "dev"."main"."stg_orders" rename to "stg_orders__dbt_backup"
    
20:13:41.870612 [debug]: Query executed on node model.dagger_test.stg_orders:
/* {"app": "dbt", "dbt_version": "2.0.0", "node_id": "model.dagger_test.stg_orders", "profile_name": "dagger_test", "target_name": "dev"} */

      alter view "dev"."main"."stg_orders__dbt_tmp" rename to "stg_orders"
    
20:13:41.878142 [debug]: Query executed on node model.dagger_test.stg_orders:
/* {"app": "dbt", "dbt_version": "2.0.0", "node_id": "model.dagger_test.stg_orders", "profile_name": "dagger_test", "target_name": "dev"} */

      drop view if exists "dev"."main"."stg_orders__dbt_backup" cascade
    
20:13:41.879308 [info ]: Finished running [  0.05s] model main.stg_orders [success]
20:13:41.879426 [info ]:  Succeeded [  0.06s] model main.stg_orders (view)
20:13:41.879524 [info ]: Started model main.int_customer_revenue
20:13:41.879546 [debug]: Started rendering model main.int_customer_revenue
20:13:41.879594 [info ]: Started model main.mart_customer_revenue
20:13:41.879691 [debug]: Started rendering model main.mart_customer_revenue
20:13:41.880420 [debug]: Compiled SQL for node model.dagger_test.int_customer_revenue at target/compiled/dagger_test/models/intermediate/int_customer_revenue.sql
20:13:41.880607 [debug]: Finished rendering [  0.00s] model main.int_customer_revenue [success]
20:13:41.880734 [debug]: Started analyzing model main.int_customer_revenue
20:13:41.880765 [debug]: Compiled SQL for node model.dagger_test.mart_customer_revenue at target/compiled/dagger_test/models/marts/mart_customer_revenue.sql
20:13:41.880870 [debug]: Finished rendering [  0.00s] model main.mart_customer_revenue [success]
20:13:41.880966 [info ]: Finished rendering [  0.07s] (3 nodes, 0 skipped, 0 errors)
20:13:41.881046 [debug]: Started analyzing model main.mart_customer_revenue
20:13:41.885242 [debug]: Finished analyzing [  0.00s] model main.int_customer_revenue [success]
20:13:41.885414 [info ]: Started running model main.int_customer_revenue
20:13:41.889386 [debug]: Finished analyzing [  0.01s] model main.mart_customer_revenue [success]
20:13:41.889555 [info ]: Finished analyzing [  0.07s] (3 nodes, 0 skipped, 0 errors)
20:13:41.889649 [info ]: Started running model main.mart_customer_revenue
20:13:41.892061 [debug]: Writing runtime sql for node "model.dagger_test.int_customer_revenue"
20:13:41.894962 [debug]: Writing runtime sql for node "model.dagger_test.mart_customer_revenue"
20:13:41.895946 [debug]: Query executed on node model.dagger_test.int_customer_revenue:
/* {"app": "dbt", "dbt_version": "2.0.0", "node_id": "model.dagger_test.int_customer_revenue", "profile_name": "dagger_test", "target_name": "dev"} */

  
  create view "dev"."main"."int_customer_revenue__dbt_tmp" as (
    select
    order_id,
    customer_id,
    order_date,
    amount,
    sum(amount) over (partition by customer_id order by order_date) as cumulative_revenue,
    status
from "dev"."main"."stg_orders"
  );

20:13:41.901629 [debug]: Query executed on node model.dagger_test.int_customer_revenue:
/* {"app": "dbt", "dbt_version": "2.0.0", "node_id": "model.dagger_test.int_customer_revenue", "profile_name": "dagger_test", "target_name": "dev"} */

      alter view "dev"."main"."int_customer_revenue__dbt_tmp" rename to "int_customer_revenue"
    
20:13:41.906672 [debug]: Query executed on node model.dagger_test.int_customer_revenue:
/* {"app": "dbt", "dbt_version": "2.0.0", "node_id": "model.dagger_test.int_customer_revenue", "profile_name": "dagger_test", "target_name": "dev"} */

      drop view if exists "dev"."main"."int_customer_revenue__dbt_backup" cascade
    
20:13:41.908153 [info ]: Finished running [  0.02s] model main.int_customer_revenue [success]
20:13:41.908322 [info ]:  Succeeded [  0.03s] model main.int_customer_revenue (view)
20:13:41.920540 [debug]: Query executed on node model.dagger_test.mart_customer_revenue:
/* {"app": "dbt", "dbt_version": "2.0.0", "node_id": "model.dagger_test.mart_customer_revenue", "profile_name": "dagger_test", "target_name": "dev"} */

  
    
    

    create  table
      "dev"."main"."mart_customer_revenue__dbt_tmp"
  
    as (
      select
    customer_id,
    count(*) as nb_orders,
    sum(amount) as total_revenue
from "dev"."main"."stg_orders"
where status = 'completed'
group by customer_id
    );
  
  
20:13:41.925300 [debug]: Query executed on node model.dagger_test.mart_customer_revenue:
/* {"app": "dbt", "dbt_version": "2.0.0", "node_id": "model.dagger_test.mart_customer_revenue", "profile_name": "dagger_test", "target_name": "dev"} */

    SELECT index_name
    FROM duckdb_indexes()
    WHERE schema_name = 'main'
      AND table_name = 'mart_customer_revenue'
  
20:13:41.929471 [debug]: Query executed on node model.dagger_test.mart_customer_revenue:
/* {"app": "dbt", "dbt_version": "2.0.0", "node_id": "model.dagger_test.mart_customer_revenue", "profile_name": "dagger_test", "target_name": "dev"} */

    SELECT COUNT(*) as remaining_indexes
    FROM duckdb_indexes()
    WHERE schema_name = 'main'
      AND table_name = 'mart_customer_revenue'
  
20:13:41.935013 [debug]: Query executed on node model.dagger_test.mart_customer_revenue:
/* {"app": "dbt", "dbt_version": "2.0.0", "node_id": "model.dagger_test.mart_customer_revenue", "profile_name": "dagger_test", "target_name": "dev"} */

      alter table "dev"."main"."mart_customer_revenue" rename to "mart_customer_revenue__dbt_backup"
    
20:13:41.941763 [debug]: Query executed on node model.dagger_test.mart_customer_revenue:
/* {"app": "dbt", "dbt_version": "2.0.0", "node_id": "model.dagger_test.mart_customer_revenue", "profile_name": "dagger_test", "target_name": "dev"} */

      alter table "dev"."main"."mart_customer_revenue__dbt_tmp" rename to "mart_customer_revenue"
    
20:13:41.949036 [debug]: Query executed on node model.dagger_test.mart_customer_revenue:
/* {"app": "dbt", "dbt_version": "2.0.0", "node_id": "model.dagger_test.mart_customer_revenue", "profile_name": "dagger_test", "target_name": "dev"} */

      drop table if exists "dev"."main"."mart_customer_revenue__dbt_backup" cascade
    
20:13:41.950053 [info ]: Finished running [  0.06s] model main.mart_customer_revenue [success]
20:13:41.950156 [info ]: Finished running [  0.13s] (3 nodes, 0 skipped, 0 errors)
20:13:41.950205 [info ]:  Succeeded [  0.07s] model main.mart_customer_revenue (table)
20:13:42.204332 [info ]: 
==================== Execution Summary =====================
Finished 'run' successfully for target 'dev' [904ms]
Processed: 3 models
Summary: 3 total | 3 success
==================== 2026-09-16T20:14:13.292674Z | 01a0abdb-0726-7061-84eb-0f1bd54bdd34 ====================
20:14:13.294887 [info ]: dbt-fusion 2.0.0-preview.176
20:14:13.298325 [info ]: Started loading project
20:14:13.301852 [info ]: Loading profiles.yml
20:14:13.336163 [debug]:    Started loading packages
20:14:13.339275 [debug]:     Loaded [  0.00s] packages
20:14:13.341573 [info ]: Finished loading project [  0.04s]
20:14:13.342906 [info ]: Started parsing
20:14:13.426131 [debug]: Finished parsing models/schema.yml [  0.01s]
20:14:13.431643 [debug]: Finished parsing models/intermediate/int_customer_revenue.sql [  0.00s]
20:14:13.432748 [debug]: Finished parsing models/marts/mart_customer_revenue.sql [  0.00s]
20:14:13.436409 [debug]: Finished parsing models/staging/stg_orders.sql [  0.00s]
20:14:13.449421 [debug]: Finished parsing target/generic_tests/unique_mart_customer_revenue_customer_id.sql [  0.00s]
20:14:13.451011 [debug]: Finished parsing target/generic_tests/not_null_mart_customer_revenue_customer_id.sql [  0.00s]
20:14:13.452374 [debug]: Finished parsing target/generic_tests/not_null_mart_customer_revenue_total_revenue.sql [  0.00s]
20:14:13.453602 [debug]: Finished parsing target/generic_tests/not_null_stg_orders_customer_id.sql [  0.00s]
20:14:13.454936 [debug]: Finished parsing target/generic_tests/unique_stg_orders_order_id.sql [  0.00s]
20:14:13.456419 [debug]: Finished parsing target/generic_tests/not_null_stg_orders_order_id.sql [  0.00s]
20:14:13.457886 [debug]: Finished parsing target/generic_tests/accepted_values_stg_orders_c0c25593c42f49d1b02839a131e248ac.sql [  0.00s]
20:14:13.468731 [info ]: Finished parsing [  0.13s]
20:14:13.469514 [info ]: Started scheduling
20:14:13.469846 [info ]: Finished scheduling [  0.00s]
20:14:13.715126 [info ]: Started building task graph
20:14:13.715485 [info ]: Finished building task graph [  0.00s]
20:14:13.757861 [debug]: Query executed on node unknown:
/* {"app": "dbt", "connection_name": "", "dbt_version": "2.0.0", "profile_name": "dagger_test", "target_name": "dev"} */

    
    select schema_name
    from system.information_schema.schemata
    
    where lower(catalog_name) = '"dev"'
    
  
  
20:14:13.759757 [debug]: Query executed on node unknown:
/* {"app": "dbt", "connection_name": "", "dbt_version": "2.0.0", "profile_name": "dagger_test", "target_name": "dev"} */

    
        select type from duckdb_databases()
        where lower(database_name)='dev'
        and type='sqlite'
    
  
20:14:13.760695 [debug]: Query executed on node unknown:
/* {"app": "dbt", "connection_name": "", "dbt_version": "2.0.0", "profile_name": "dagger_test", "target_name": "dev"} */

    
    
        create schema if not exists "dev"."main"
    
20:14:13.760943 [info ]: Started rendering (11 nodes)
20:14:13.761031 [info ]: Started seed main.raw_orders
20:14:13.761052 [debug]: Started rendering seed main.raw_orders
20:14:13.761165 [debug]: Finished rendering [  0.00s] seed main.raw_orders [success]
20:14:13.761239 [info ]: Started running (11 nodes)
20:14:13.761277 [info ]: Started running seed main.raw_orders
20:14:13.797341 [debug]: Query executed on node seed.dagger_test.raw_orders:
SELECT table_catalog, table_schema, table_name, table_type FROM information_schema.tables WHERE table_schema = 'main'
20:14:13.804597 [debug]: Query executed on node seed.dagger_test.raw_orders:
/* {"app": "dbt", "dbt_version": "2.0.0", "node_id": "seed.dagger_test.raw_orders", "profile_name": "dagger_test", "target_name": "dev"} */
truncate table "dev"."main"."raw_orders"
20:14:13.838140 [debug]: Query executed on node seed.dagger_test.raw_orders:

          COPY "dev"."main"."raw_orders" FROM '/home/mballo/Projets/dagger_test/seeds/raw_orders.csv' (FORMAT CSV, HEADER TRUE, DELIMITER ',')
        
20:14:13.839983 [debug]: Writing runtime SQL for node "seed.dagger_test.raw_orders"
20:14:13.842352 [info ]: Finished running [  0.08s] seed main.raw_orders [success]
20:14:13.842454 [info ]:  Succeeded [  0.08s] seed  main.raw_orders (table)
20:14:13.842538 [info ]: Started model main.stg_orders
20:14:13.842558 [debug]: Started rendering model main.stg_orders
20:14:13.843554 [debug]: Compiled SQL for node model.dagger_test.stg_orders at target/compiled/dagger_test/models/staging/stg_orders.sql
20:14:13.843724 [debug]: Finished rendering [  0.00s] model main.stg_orders [success]
20:14:13.843884 [info ]: Started analyzing (10 nodes)
20:14:13.843997 [debug]: Started analyzing model main.stg_orders
20:14:13.852811 [debug]: Finished analyzing [  0.01s] model main.stg_orders [success]
20:14:13.852948 [info ]: Started running model main.stg_orders
20:14:13.857630 [debug]: Writing runtime sql for node "model.dagger_test.stg_orders"
20:14:13.861658 [debug]: Query executed on node model.dagger_test.stg_orders:
/* {"app": "dbt", "dbt_version": "2.0.0", "node_id": "model.dagger_test.stg_orders", "profile_name": "dagger_test", "target_name": "dev"} */

  
  create view "dev"."main"."stg_orders__dbt_tmp" as (
    select
    order_id,
    customer_id,
    order_date,
    amount,
    status
from "dev"."main"."raw_orders"
  );

20:14:13.868473 [debug]: Query executed on node model.dagger_test.stg_orders:
/* {"app": "dbt", "dbt_version": "2.0.0", "node_id": "model.dagger_test.stg_orders", "profile_name": "dagger_test", "target_name": "dev"} */

      alter view "dev"."main"."stg_orders" rename to "stg_orders__dbt_backup"
    
20:14:13.874318 [debug]: Query executed on node model.dagger_test.stg_orders:
/* {"app": "dbt", "dbt_version": "2.0.0", "node_id": "model.dagger_test.stg_orders", "profile_name": "dagger_test", "target_name": "dev"} */

      alter view "dev"."main"."stg_orders__dbt_tmp" rename to "stg_orders"
    
20:14:13.880205 [debug]: Query executed on node model.dagger_test.stg_orders:
/* {"app": "dbt", "dbt_version": "2.0.0", "node_id": "model.dagger_test.stg_orders", "profile_name": "dagger_test", "target_name": "dev"} */

      drop view if exists "dev"."main"."stg_orders__dbt_backup" cascade
    
20:14:13.881333 [info ]: Finished running [  0.03s] model main.stg_orders [success]
20:14:13.881474 [info ]:  Succeeded [  0.04s] model main.stg_orders (view)
20:14:13.881571 [info ]: Started test main_dbt_test__audit.unique_stg_orders_order_id
20:14:13.881593 [debug]: Started rendering test main_dbt_test__audit.unique_stg_orders_order_id
20:14:13.881634 [info ]: Started model main.int_customer_revenue
20:14:13.881651 [debug]: Started rendering model main.int_customer_revenue
20:14:13.881683 [info ]: Started test main_dbt_test__audit.not_null_stg_orders_customer_id
20:14:13.881700 [debug]: Started rendering test main_dbt_test__audit.not_null_stg_orders_customer_id
20:14:13.881727 [info ]: Started test main_dbt_test__audit.not_null_stg_orders_order_id
20:14:13.881740 [debug]: Started rendering test main_dbt_test__audit.not_null_stg_orders_order_id
20:14:13.881761 [info ]: Started test main_dbt_test__audit.accepted_values_stg_orders_status__completed__cancelled__pending
20:14:13.881772 [debug]: Started rendering test main_dbt_test__audit.accepted_values_stg_orders_status__completed__cancelled__pending
20:14:13.881792 [info ]: Started model main.mart_customer_revenue
20:14:13.881802 [debug]: Started rendering model main.mart_customer_revenue
20:14:13.883179 [debug]: Compiled SQL for node model.dagger_test.int_customer_revenue at target/compiled/dagger_test/models/intermediate/int_customer_revenue.sql
20:14:13.883905 [debug]: Compiled SQL for node test.dagger_test.not_null_stg_orders_customer_id.af79d5e4b5 at target/compiled/dagger_test/target/generic_tests/not_null_stg_orders_customer_id.sql
20:14:13.884159 [debug]: Compiled SQL for node model.dagger_test.mart_customer_revenue at target/compiled/dagger_test/models/marts/mart_customer_revenue.sql
20:14:13.884280 [debug]: Finished rendering [  0.00s] model main.int_customer_revenue [success]
20:14:13.884451 [debug]: Started analyzing model main.int_customer_revenue
20:14:13.885463 [debug]: Finished rendering [  0.00s] test main_dbt_test__audit.not_null_stg_orders_customer_id [success]
20:14:13.885654 [debug]: Started analyzing test main_dbt_test__audit.not_null_stg_orders_customer_id
20:14:13.887552 [debug]: Compiled SQL for node test.dagger_test.accepted_values_stg_orders_status__completed__cancelled__pending.ee383a7b32 at target/compiled/dagger_test/target/generic_tests/accepted_values_stg_orders_c0c25593c42f49d1b02839a131e248ac.sql
20:14:13.887896 [debug]: Finished rendering [  0.01s] model main.mart_customer_revenue [success]
20:14:13.888068 [debug]: Started analyzing model main.mart_customer_revenue
20:14:13.888758 [debug]: Compiled SQL for node test.dagger_test.unique_stg_orders_order_id.e3b841c71a at target/compiled/dagger_test/target/generic_tests/unique_stg_orders_order_id.sql
20:14:13.889415 [debug]: Finished rendering [  0.01s] test main_dbt_test__audit.accepted_values_stg_orders_status__completed__cancelled__pending [success]
20:14:13.889894 [debug]: Started analyzing test main_dbt_test__audit.accepted_values_stg_orders_status__completed__cancelled__pending
20:14:13.890010 [debug]: Compiled SQL for node test.dagger_test.not_null_stg_orders_order_id.81cfe2fe64 at target/compiled/dagger_test/target/generic_tests/not_null_stg_orders_order_id.sql
20:14:13.891914 [debug]: Finished analyzing [  0.01s] test main_dbt_test__audit.not_null_stg_orders_customer_id [success]
20:14:13.892131 [info ]: Started running test main_dbt_test__audit.not_null_stg_orders_customer_id
20:14:13.892250 [debug]: Finished rendering [  0.01s] test main_dbt_test__audit.unique_stg_orders_order_id [success]
20:14:13.892588 [debug]: Started analyzing test main_dbt_test__audit.unique_stg_orders_order_id
20:14:13.900113 [debug]: Finished analyzing [  0.02s] model main.int_customer_revenue [success]
20:14:13.900656 [debug]: Finished analyzing [  0.01s] model main.mart_customer_revenue [success]
20:14:13.903478 [debug]: Finished rendering [  0.02s] test main_dbt_test__audit.not_null_stg_orders_order_id [success]
20:14:13.903679 [debug]: Started analyzing test main_dbt_test__audit.not_null_stg_orders_order_id
20:14:13.903764 [debug]: Finished analyzing [  0.01s] test main_dbt_test__audit.unique_stg_orders_order_id [success]
20:14:13.903839 [info ]: Started running test main_dbt_test__audit.unique_stg_orders_order_id
20:14:13.904229 [debug]: Finished analyzing [  0.00s] test main_dbt_test__audit.not_null_stg_orders_order_id [success]
20:14:13.904309 [info ]: Started running test main_dbt_test__audit.not_null_stg_orders_order_id
20:14:13.906234 [debug]: Finished analyzing [  0.02s] test main_dbt_test__audit.accepted_values_stg_orders_status__completed__cancelled__pending [success]
20:14:13.906761 [info ]: Started running test main_dbt_test__audit.accepted_values_stg_orders_status__completed__cancelled__pending
20:14:13.911959 [debug]: Writing runtime sql for node "test.dagger_test.not_null_stg_orders_customer_id.af79d5e4b5"
20:14:13.914266 [debug]: Writing runtime sql for node "test.dagger_test.unique_stg_orders_order_id.e3b841c71a"
20:14:13.915581 [debug]: Writing runtime sql for node "test.dagger_test.not_null_stg_orders_order_id.81cfe2fe64"
20:14:13.921700 [debug]: Writing runtime sql for node "test.dagger_test.accepted_values_stg_orders_status__completed__cancelled__pending.ee383a7b32"
20:14:13.924101 [debug]: Query executed on node test.dagger_test.not_null_stg_orders_order_id.81cfe2fe64:
/* {"app": "dbt", "dbt_version": "2.0.0", "node_id": "test.dagger_test.not_null_stg_orders_order_id.81cfe2fe64", "profile_name": "dagger_test", "target_name": "dev"} */

    
    select
      count(*) as failures,
      count(*) != 0 as should_warn,
      count(*) != 0 as should_error
    from (
      
    
  
    
    



select order_id
from "dev"."main"."stg_orders"
where order_id is null



  
  
      
    ) dbt_internal_test
20:14:13.924797 [debug]: Query executed on node test.dagger_test.not_null_stg_orders_customer_id.af79d5e4b5:
/* {"app": "dbt", "dbt_version": "2.0.0", "node_id": "test.dagger_test.not_null_stg_orders_customer_id.af79d5e4b5", "profile_name": "dagger_test", "target_name": "dev"} */

    
    select
      count(*) as failures,
      count(*) != 0 as should_warn,
      count(*) != 0 as should_error
    from (
      
    
  
    
    



select customer_id
from "dev"."main"."stg_orders"
where customer_id is null



  
  
      
    ) dbt_internal_test
20:14:13.926619 [debug]: Query executed on node test.dagger_test.unique_stg_orders_order_id.e3b841c71a:
/* {"app": "dbt", "dbt_version": "2.0.0", "node_id": "test.dagger_test.unique_stg_orders_order_id.e3b841c71a", "profile_name": "dagger_test", "target_name": "dev"} */

    
    select
      count(*) as failures,
      count(*) != 0 as should_warn,
      count(*) != 0 as should_error
    from (
      
    
  
    
    

select
    order_id as unique_field,
    count(*) as n_records

from "dev"."main"."stg_orders"
where order_id is not null
group by order_id
having count(*) > 1



  
  
      
    ) dbt_internal_test
20:14:13.928294 [info ]: Finished running [  0.02s] test main_dbt_test__audit.unique_stg_orders_order_id [pass]
20:14:13.928399 [info ]:     Passed [  0.04s] test  unique_stg_orders_order_id
20:14:13.928557 [info ]: Finished running [  0.02s] test main_dbt_test__audit.not_null_stg_orders_order_id [pass]
20:14:13.928593 [info ]:     Passed [  0.04s] test  not_null_stg_orders_order_id
20:14:13.931371 [info ]: Finished running [  0.04s] test main_dbt_test__audit.not_null_stg_orders_customer_id [pass]
20:14:13.931461 [info ]:     Passed [  0.05s] test  not_null_stg_orders_customer_id
20:14:13.935582 [debug]: Query executed on node test.dagger_test.accepted_values_stg_orders_status__completed__cancelled__pending.ee383a7b32:
/* {"app": "dbt", "dbt_version": "2.0.0", "node_id": "test.dagger_test.accepted_values_stg_orders_status__completed__cancelled__pending.ee383a7b32", "profile_name": "dagger_test", "target_name": "dev"} */

    
    select
      count(*) as failures,
      count(*) != 0 as should_warn,
      count(*) != 0 as should_error
    from (
      
    
  
    
    

with all_values as (

    select
        status as value_field,
        count(*) as n_records

    from "dev"."main"."stg_orders"
    group by status

)

select *
from all_values
where value_field not in (
    'completed','cancelled','pending'
)



  
  
      
    ) dbt_internal_test
20:14:13.938606 [info ]: Finished running [  0.03s] test main_dbt_test__audit.accepted_values_stg_orders_status__completed__cancelled__pending [fail]
20:14:13.938740 [info ]:     Failed [  0.05s] test  accepted_values_stg_orders_status__completed__cancelled__pending (models/schema.yml:15:13)
20:14:13.939372 [info ]: Started running model main.mart_customer_revenue
20:14:13.939423 [info ]: Finished running [  0.00s] model main.mart_customer_revenue [skipped]
20:14:13.939482 [info ]:    Skipped [-------] model main.mart_customer_revenue (table)
20:14:13.939593 [info ]: Started test main_dbt_test__audit.not_null_mart_customer_revenue_customer_id
20:14:13.939617 [debug]: Started rendering test main_dbt_test__audit.not_null_mart_customer_revenue_customer_id
20:14:13.939641 [debug]: Finished rendering [  0.00s] test main_dbt_test__audit.not_null_mart_customer_revenue_customer_id [skipped]
20:14:13.939679 [debug]: Started analyzing test main_dbt_test__audit.not_null_mart_customer_revenue_customer_id
20:14:13.939694 [debug]: Finished analyzing [  0.00s] test main_dbt_test__audit.not_null_mart_customer_revenue_customer_id [skipped]
20:14:13.939723 [info ]: Started running test main_dbt_test__audit.not_null_mart_customer_revenue_customer_id
20:14:13.939737 [info ]: Finished running [  0.00s] test main_dbt_test__audit.not_null_mart_customer_revenue_customer_id [skipped]
20:14:13.939761 [info ]:    Skipped [-------] test  not_null_mart_customer_revenue_customer_id (models/schema.yml:24:13)
20:14:13.939784 [info ]: Started test main_dbt_test__audit.unique_mart_customer_revenue_customer_id
20:14:13.939794 [debug]: Started rendering test main_dbt_test__audit.unique_mart_customer_revenue_customer_id
20:14:13.939806 [debug]: Finished rendering [  0.00s] test main_dbt_test__audit.unique_mart_customer_revenue_customer_id [skipped]
20:14:13.939841 [debug]: Started analyzing test main_dbt_test__audit.unique_mart_customer_revenue_customer_id
20:14:13.939852 [debug]: Finished analyzing [  0.00s] test main_dbt_test__audit.unique_mart_customer_revenue_customer_id [skipped]
20:14:13.939873 [info ]: Started running test main_dbt_test__audit.unique_mart_customer_revenue_customer_id
20:14:13.939885 [info ]: Finished running [  0.00s] test main_dbt_test__audit.unique_mart_customer_revenue_customer_id [skipped]
20:14:13.939902 [info ]:    Skipped [-------] test  unique_mart_customer_revenue_customer_id (models/schema.yml:23:13)
20:14:13.939919 [info ]: Started test main_dbt_test__audit.not_null_mart_customer_revenue_total_revenue
20:14:13.939929 [debug]: Started rendering test main_dbt_test__audit.not_null_mart_customer_revenue_total_revenue
20:14:13.939943 [debug]: Finished rendering [  0.00s] test main_dbt_test__audit.not_null_mart_customer_revenue_total_revenue [skipped]
20:14:13.939966 [info ]: Finished rendering [  0.18s] (11 nodes, 3 skipped, 0 errors)
20:14:13.940074 [debug]: Started analyzing test main_dbt_test__audit.not_null_mart_customer_revenue_total_revenue
20:14:13.940096 [debug]: Finished analyzing [  0.00s] test main_dbt_test__audit.not_null_mart_customer_revenue_total_revenue [skipped]
20:14:13.940123 [info ]: Finished analyzing [  0.10s] (10 nodes, 3 skipped, 0 errors)
20:14:13.940186 [info ]: Started running test main_dbt_test__audit.not_null_mart_customer_revenue_total_revenue
20:14:13.940205 [info ]: Finished running [  0.00s] test main_dbt_test__audit.not_null_mart_customer_revenue_total_revenue [skipped]
20:14:13.940245 [info ]:    Skipped [-------] test  not_null_mart_customer_revenue_total_revenue (models/schema.yml:27:13)
20:14:13.940267 [info ]: Started running model main.int_customer_revenue
20:14:13.940287 [info ]: Finished running [  0.00s] model main.int_customer_revenue [skipped]
20:14:13.940315 [info ]: Finished running [  0.18s] (11 nodes, 5 skipped, 1 errors)
20:14:13.940371 [info ]:    Skipped [-------] model main.int_customer_revenue (view)
20:14:14.234483 [info ]: 
==================== Execution Summary =====================
Finished 'build' with 1 error for target 'dev' [941ms]
Processed: 3 models | 7 tests | 1 seed
Summary: 11 total | 5 success | 1 error | 5 skipped
==================== 2026-09-16T20:16:03.897352Z | 01a0abdc-b734-73f1-a8aa-a37a7fea2e3e ====================
20:16:03.897676 [info ]: dbt-fusion 2.0.0-preview.176
20:16:03.898260 [info ]: Started loading project
20:16:03.903249 [info ]: Loading profiles.yml
20:16:03.929337 [debug]:    Started loading packages
20:16:03.932838 [debug]:     Loaded [  0.00s] packages
20:16:03.935325 [info ]: Finished loading project [  0.04s]
20:16:03.936188 [info ]: Started parsing
20:16:04.020604 [debug]: Finished parsing models/schema.yml [  0.00s]
20:16:04.026410 [debug]: Finished parsing models/intermediate/int_customer_revenue.sql [  0.00s]
20:16:04.027729 [debug]: Finished parsing models/marts/mart_customer_revenue.sql [  0.00s]
20:16:04.028936 [debug]: Finished parsing models/staging/stg_orders.sql [  0.00s]
20:16:04.038110 [debug]: Finished parsing target/generic_tests/unique_mart_customer_revenue_customer_id.sql [  0.00s]
20:16:04.038979 [debug]: Finished parsing target/generic_tests/not_null_mart_customer_revenue_customer_id.sql [  0.00s]
20:16:04.039906 [debug]: Finished parsing target/generic_tests/not_null_mart_customer_revenue_total_revenue.sql [  0.00s]
20:16:04.040626 [debug]: Finished parsing target/generic_tests/not_null_stg_orders_customer_id.sql [  0.00s]
20:16:04.041329 [debug]: Finished parsing target/generic_tests/unique_stg_orders_order_id.sql [  0.00s]
20:16:04.042089 [debug]: Finished parsing target/generic_tests/not_null_stg_orders_order_id.sql [  0.00s]
20:16:04.042867 [debug]: Finished parsing target/generic_tests/accepted_values_stg_orders_ef02b1aa47c932b07da66a6e2fb7d3b4.sql [  0.00s]
20:16:04.048315 [info ]: Finished parsing [  0.11s]
20:16:04.048863 [info ]: Started scheduling
20:16:04.049128 [info ]: Finished scheduling [  0.00s]
20:16:04.277621 [info ]: Started building task graph
20:16:04.277967 [info ]: Finished building task graph [  0.00s]
20:16:04.320661 [debug]: Query executed on node unknown:
/* {"app": "dbt", "connection_name": "", "dbt_version": "2.0.0", "profile_name": "dagger_test", "target_name": "dev"} */

    
    select schema_name
    from system.information_schema.schemata
    
    where lower(catalog_name) = '"dev"'
    
  
  
20:16:04.322673 [debug]: Query executed on node unknown:
/* {"app": "dbt", "connection_name": "", "dbt_version": "2.0.0", "profile_name": "dagger_test", "target_name": "dev"} */

    
        select type from duckdb_databases()
        where lower(database_name)='dev'
        and type='sqlite'
    
  
20:16:04.323740 [debug]: Query executed on node unknown:
/* {"app": "dbt", "connection_name": "", "dbt_version": "2.0.0", "profile_name": "dagger_test", "target_name": "dev"} */

    
    
        create schema if not exists "dev"."main"
    
20:16:04.324024 [info ]: Started rendering (11 nodes)
20:16:04.324118 [info ]: Started seed main.raw_orders
20:16:04.324144 [debug]: Started rendering seed main.raw_orders
20:16:04.324253 [debug]: Finished rendering [  0.00s] seed main.raw_orders [success]
20:16:04.324331 [info ]: Started running (11 nodes)
20:16:04.324393 [info ]: Started running seed main.raw_orders
20:16:04.352935 [debug]: Query executed on node seed.dagger_test.raw_orders:
SELECT table_catalog, table_schema, table_name, table_type FROM information_schema.tables WHERE table_schema = 'main'
20:16:04.359336 [debug]: Query executed on node seed.dagger_test.raw_orders:
/* {"app": "dbt", "dbt_version": "2.0.0", "node_id": "seed.dagger_test.raw_orders", "profile_name": "dagger_test", "target_name": "dev"} */
truncate table "dev"."main"."raw_orders"
20:16:04.376970 [debug]: Query executed on node seed.dagger_test.raw_orders:

          COPY "dev"."main"."raw_orders" FROM '/home/mballo/Projets/dagger_test/seeds/raw_orders.csv' (FORMAT CSV, HEADER TRUE, DELIMITER ',')
        
20:16:04.378923 [debug]: Writing runtime SQL for node "seed.dagger_test.raw_orders"
20:16:04.381059 [info ]: Finished running [  0.06s] seed main.raw_orders [success]
20:16:04.381174 [info ]:  Succeeded [  0.06s] seed  main.raw_orders (table)
20:16:04.381279 [info ]: Started model main.stg_orders
20:16:04.381303 [debug]: Started rendering model main.stg_orders
20:16:04.382909 [debug]: Compiled SQL for node model.dagger_test.stg_orders at target/compiled/dagger_test/models/staging/stg_orders.sql
20:16:04.383120 [debug]: Finished rendering [  0.00s] model main.stg_orders [success]
20:16:04.383265 [info ]: Started analyzing (10 nodes)
20:16:04.383371 [debug]: Started analyzing model main.stg_orders
20:16:04.392002 [debug]: Finished analyzing [  0.01s] model main.stg_orders [success]
20:16:04.392169 [info ]: Started running model main.stg_orders
20:16:04.398589 [debug]: Writing runtime sql for node "model.dagger_test.stg_orders"
20:16:04.404398 [debug]: Query executed on node model.dagger_test.stg_orders:
/* {"app": "dbt", "dbt_version": "2.0.0", "node_id": "model.dagger_test.stg_orders", "profile_name": "dagger_test", "target_name": "dev"} */

  
  create view "dev"."main"."stg_orders__dbt_tmp" as (
    select
    order_id,
    customer_id,
    order_date,
    amount,
    status
from "dev"."main"."raw_orders"
  );

20:16:04.410712 [debug]: Query executed on node model.dagger_test.stg_orders:
/* {"app": "dbt", "dbt_version": "2.0.0", "node_id": "model.dagger_test.stg_orders", "profile_name": "dagger_test", "target_name": "dev"} */

      alter view "dev"."main"."stg_orders" rename to "stg_orders__dbt_backup"
    
20:16:04.416665 [debug]: Query executed on node model.dagger_test.stg_orders:
/* {"app": "dbt", "dbt_version": "2.0.0", "node_id": "model.dagger_test.stg_orders", "profile_name": "dagger_test", "target_name": "dev"} */

      alter view "dev"."main"."stg_orders__dbt_tmp" rename to "stg_orders"
    
20:16:04.423302 [debug]: Query executed on node model.dagger_test.stg_orders:
/* {"app": "dbt", "dbt_version": "2.0.0", "node_id": "model.dagger_test.stg_orders", "profile_name": "dagger_test", "target_name": "dev"} */

      drop view if exists "dev"."main"."stg_orders__dbt_backup" cascade
    
20:16:04.424313 [info ]: Finished running [  0.03s] model main.stg_orders [success]
20:16:04.424449 [info ]:  Succeeded [  0.04s] model main.stg_orders (view)
20:16:04.424544 [info ]: Started test main_dbt_test__audit.accepted_values_stg_orders_status__completed__cancelled__pending__error_
20:16:04.424565 [debug]: Started rendering test main_dbt_test__audit.accepted_values_stg_orders_status__completed__cancelled__pending__error_
20:16:04.424617 [info ]: Started model main.mart_customer_revenue
20:16:04.424629 [debug]: Started rendering model main.mart_customer_revenue
20:16:04.424650 [info ]: Started model main.int_customer_revenue
20:16:04.424663 [debug]: Started rendering model main.int_customer_revenue
20:16:04.424684 [info ]: Started test main_dbt_test__audit.unique_stg_orders_order_id
20:16:04.424699 [debug]: Started rendering test main_dbt_test__audit.unique_stg_orders_order_id
20:16:04.424720 [info ]: Started test main_dbt_test__audit.not_null_stg_orders_customer_id
20:16:04.424732 [debug]: Started rendering test main_dbt_test__audit.not_null_stg_orders_customer_id
20:16:04.424751 [info ]: Started test main_dbt_test__audit.not_null_stg_orders_order_id
20:16:04.424762 [debug]: Started rendering test main_dbt_test__audit.not_null_stg_orders_order_id
20:16:04.426600 [debug]: Compiled SQL for node test.dagger_test.accepted_values_stg_orders_status__completed__cancelled__pending__error_.59106b2486 at target/compiled/dagger_test/target/generic_tests/accepted_values_stg_orders_ef02b1aa47c932b07da66a6e2fb7d3b4.sql
20:16:04.426989 [debug]: Finished rendering [  0.00s] test main_dbt_test__audit.accepted_values_stg_orders_status__completed__cancelled__pending__error_ [success]
20:16:04.427158 [debug]: Started analyzing test main_dbt_test__audit.accepted_values_stg_orders_status__completed__cancelled__pending__error_
20:16:04.428271 [debug]: Compiled SQL for node model.dagger_test.mart_customer_revenue at target/compiled/dagger_test/models/marts/mart_customer_revenue.sql
20:16:04.428885 [debug]: Finished rendering [  0.00s] model main.mart_customer_revenue [success]
20:16:04.429068 [debug]: Started analyzing model main.mart_customer_revenue
20:16:04.430306 [debug]: Compiled SQL for node test.dagger_test.unique_stg_orders_order_id.e3b841c71a at target/compiled/dagger_test/target/generic_tests/unique_stg_orders_order_id.sql
20:16:04.431551 [debug]: Finished rendering [  0.01s] test main_dbt_test__audit.unique_stg_orders_order_id [success]
20:16:04.431831 [debug]: Started analyzing test main_dbt_test__audit.unique_stg_orders_order_id
20:16:04.434056 [debug]: Compiled SQL for node test.dagger_test.not_null_stg_orders_customer_id.af79d5e4b5 at target/compiled/dagger_test/target/generic_tests/not_null_stg_orders_customer_id.sql
20:16:04.434888 [debug]: Compiled SQL for node model.dagger_test.int_customer_revenue at target/compiled/dagger_test/models/intermediate/int_customer_revenue.sql
20:16:04.435209 [debug]: Compiled SQL for node test.dagger_test.not_null_stg_orders_order_id.81cfe2fe64 at target/compiled/dagger_test/target/generic_tests/not_null_stg_orders_order_id.sql
20:16:04.436370 [debug]: Finished rendering [  0.01s] test main_dbt_test__audit.not_null_stg_orders_customer_id [success]
20:16:04.436560 [debug]: Started analyzing test main_dbt_test__audit.not_null_stg_orders_customer_id
20:16:04.437477 [debug]: Finished analyzing [  0.01s] test main_dbt_test__audit.unique_stg_orders_order_id [success]
20:16:04.438607 [info ]: Started running test main_dbt_test__audit.unique_stg_orders_order_id
20:16:04.438690 [debug]: Finished analyzing [  0.00s] test main_dbt_test__audit.not_null_stg_orders_customer_id [success]
20:16:04.438811 [info ]: Started running test main_dbt_test__audit.not_null_stg_orders_customer_id
20:16:04.438852 [debug]: Finished rendering [  0.01s] model main.int_customer_revenue [success]
20:16:04.438948 [debug]: Started analyzing model main.int_customer_revenue
20:16:04.441719 [debug]: Finished rendering [  0.02s] test main_dbt_test__audit.not_null_stg_orders_order_id [success]
20:16:04.442193 [debug]: Started analyzing test main_dbt_test__audit.not_null_stg_orders_order_id
20:16:04.442730 [debug]: Finished analyzing [  0.00s] test main_dbt_test__audit.not_null_stg_orders_order_id [success]
20:16:04.443966 [debug]: Writing runtime sql for node "test.dagger_test.unique_stg_orders_order_id.e3b841c71a"
20:16:04.445469 [info ]: Started running test main_dbt_test__audit.not_null_stg_orders_order_id
20:16:04.445589 [debug]: Finished analyzing [  0.01s] model main.int_customer_revenue [success]
20:16:04.450207 [debug]: Finished analyzing [  0.02s] model main.mart_customer_revenue [success]
20:16:04.454912 [debug]: Writing runtime sql for node "test.dagger_test.not_null_stg_orders_order_id.81cfe2fe64"
20:16:04.455617 [debug]: Writing runtime sql for node "test.dagger_test.not_null_stg_orders_customer_id.af79d5e4b5"
20:16:04.459164 [debug]: Query executed on node test.dagger_test.unique_stg_orders_order_id.e3b841c71a:
/* {"app": "dbt", "dbt_version": "2.0.0", "node_id": "test.dagger_test.unique_stg_orders_order_id.e3b841c71a", "profile_name": "dagger_test", "target_name": "dev"} */

    
    select
      count(*) as failures,
      count(*) != 0 as should_warn,
      count(*) != 0 as should_error
    from (
      
    
  
    
    

select
    order_id as unique_field,
    count(*) as n_records

from "dev"."main"."stg_orders"
where order_id is not null
group by order_id
having count(*) > 1



  
  
      
    ) dbt_internal_test
20:16:04.459893 [debug]: Query executed on node test.dagger_test.not_null_stg_orders_order_id.81cfe2fe64:
/* {"app": "dbt", "dbt_version": "2.0.0", "node_id": "test.dagger_test.not_null_stg_orders_order_id.81cfe2fe64", "profile_name": "dagger_test", "target_name": "dev"} */

    
    select
      count(*) as failures,
      count(*) != 0 as should_warn,
      count(*) != 0 as should_error
    from (
      
    
  
    
    



select order_id
from "dev"."main"."stg_orders"
where order_id is null



  
  
      
    ) dbt_internal_test
20:16:04.460497 [warn ]: dbt0101: extraneous input ''' expecting one of ',', ')'
  --> models/schema.yml:1:1 (target/compiled/dagger_test/target/generic_tests/accepted_values_stg_orders_ef02b1aa47c932b07da66a6e2fb7d3b4.sql:33:46)
20:16:04.460649 [debug]: Finished analyzing [  0.03s] test main_dbt_test__audit.accepted_values_stg_orders_status__completed__cancelled__pending__error_ [success]
20:16:04.460742 [info ]: Started running test main_dbt_test__audit.accepted_values_stg_orders_status__completed__cancelled__pending__error_
20:16:04.460871 [info ]: Finished running [  0.02s] test main_dbt_test__audit.unique_stg_orders_order_id [pass]
20:16:04.460914 [info ]:     Passed [  0.03s] test  unique_stg_orders_order_id
20:16:04.461119 [info ]: Finished running [  0.02s] test main_dbt_test__audit.not_null_stg_orders_order_id [pass]
20:16:04.461158 [info ]:     Passed [  0.03s] test  not_null_stg_orders_order_id
20:16:04.463605 [debug]: Query executed on node test.dagger_test.not_null_stg_orders_customer_id.af79d5e4b5:
/* {"app": "dbt", "dbt_version": "2.0.0", "node_id": "test.dagger_test.not_null_stg_orders_customer_id.af79d5e4b5", "profile_name": "dagger_test", "target_name": "dev"} */

    
    select
      count(*) as failures,
      count(*) != 0 as should_warn,
      count(*) != 0 as should_error
    from (
      
    
  
    
    



select customer_id
from "dev"."main"."stg_orders"
where customer_id is null



  
  
      
    ) dbt_internal_test
20:16:04.464076 [debug]: Writing runtime sql for node "test.dagger_test.accepted_values_stg_orders_status__completed__cancelled__pending__error_.59106b2486"
20:16:04.464847 [info ]: Finished running [  0.03s] test main_dbt_test__audit.not_null_stg_orders_customer_id [pass]
20:16:04.464939 [info ]:     Passed [  0.04s] test  not_null_stg_orders_customer_id
20:16:04.483490 [debug]: Query executed on node test.dagger_test.accepted_values_stg_orders_status__completed__cancelled__pending__error_.59106b2486:
/* {"app": "dbt", "dbt_version": "2.0.0", "node_id": "test.dagger_test.accepted_values_stg_orders_status__completed__cancelled__pending__error_.59106b2486", "profile_name": "dagger_test", "target_name": "dev"} */

    
    select
      count(*) as failures,
      count(*) != 0 as should_warn,
      count(*) != 0 as should_error
    from (
      
    
  
    
    

with all_values as (

    select
        status as value_field,
        count(*) as n_records

    from "dev"."main"."stg_orders"
    group by status

)

select *
from all_values
where value_field not in (
    'completed','cancelled','pending','error''
)



  
  
      
    ) dbt_internal_test
20:16:05.488327 [error]: Error materializing test test.dagger_test.accepted_values_stg_orders_status__completed__cancelled__pending__error_.59106b2486 (target/run/dagger_test/target/generic_tests/accepted_values_stg_orders_ef02b1aa47c932b07da66a6e2fb7d3b4.sql)
  Parser Error: unterminated quoted string at or near "'error''
  )
  
  
  
    
    
        
      ) dbt_internal_test"
  
  LINE 29:     'completed','cancelled','pending','error''
                                                 ^
  (in compiled/dagger_test/target/generic_tests/accepted_values_stg_orders_ef02b1aa47c932b07da66a6e2fb7d3b4.sql:1:1). Treating as failing test.
20:16:05.488597 [info ]: Finished running [  1.03s] test main_dbt_test__audit.accepted_values_stg_orders_status__completed__cancelled__pending__error_ [fail]
20:16:05.488722 [info ]:     Failed [  1.06s] test  accepted_values_stg_orders_status__completed__cancelled__pending__error_ (models/schema.yml:15:13)
20:16:05.489101 [info ]: Started running model main.int_customer_revenue
20:16:05.489234 [info ]: Finished running [  0.00s] model main.int_customer_revenue [skipped]
20:16:05.489279 [info ]:    Skipped [-------] model main.int_customer_revenue (view)
20:16:05.489711 [info ]: Started running model main.mart_customer_revenue
20:16:05.489757 [info ]: Finished running [  0.00s] model main.mart_customer_revenue [skipped]
20:16:05.489797 [info ]:    Skipped [-------] model main.mart_customer_revenue (table)
20:16:05.489869 [info ]: Started test main_dbt_test__audit.unique_mart_customer_revenue_customer_id
20:16:05.489887 [debug]: Started rendering test main_dbt_test__audit.unique_mart_customer_revenue_customer_id
20:16:05.489916 [debug]: Finished rendering [  0.00s] test main_dbt_test__audit.unique_mart_customer_revenue_customer_id [skipped]
20:16:05.489949 [debug]: Started analyzing test main_dbt_test__audit.unique_mart_customer_revenue_customer_id
20:16:05.489973 [debug]: Finished analyzing [  0.00s] test main_dbt_test__audit.unique_mart_customer_revenue_customer_id [skipped]
20:16:05.490001 [info ]: Started running test main_dbt_test__audit.unique_mart_customer_revenue_customer_id
20:16:05.490031 [info ]: Finished running [  0.00s] test main_dbt_test__audit.unique_mart_customer_revenue_customer_id [skipped]
20:16:05.490054 [info ]:    Skipped [-------] test  unique_mart_customer_revenue_customer_id (models/schema.yml:23:13)
20:16:05.490077 [info ]: Started test main_dbt_test__audit.not_null_mart_customer_revenue_total_revenue
20:16:05.490087 [debug]: Started rendering test main_dbt_test__audit.not_null_mart_customer_revenue_total_revenue
20:16:05.490109 [debug]: Finished rendering [  0.00s] test main_dbt_test__audit.not_null_mart_customer_revenue_total_revenue [skipped]
20:16:05.490133 [debug]: Started analyzing test main_dbt_test__audit.not_null_mart_customer_revenue_total_revenue
20:16:05.490161 [debug]: Finished analyzing [  0.00s] test main_dbt_test__audit.not_null_mart_customer_revenue_total_revenue [skipped]
20:16:05.490185 [info ]: Started running test main_dbt_test__audit.not_null_mart_customer_revenue_total_revenue
20:16:05.490211 [info ]: Finished running [  0.00s] test main_dbt_test__audit.not_null_mart_customer_revenue_total_revenue [skipped]
20:16:05.490234 [info ]:    Skipped [-------] test  not_null_mart_customer_revenue_total_revenue (models/schema.yml:27:13)
20:16:05.490258 [info ]: Started test main_dbt_test__audit.not_null_mart_customer_revenue_customer_id
20:16:05.490272 [debug]: Started rendering test main_dbt_test__audit.not_null_mart_customer_revenue_customer_id
20:16:05.490299 [debug]: Finished rendering [  0.00s] test main_dbt_test__audit.not_null_mart_customer_revenue_customer_id [skipped]
20:16:05.490324 [info ]: Finished rendering [  1.17s] (11 nodes, 3 skipped, 0 errors)
20:16:05.490410 [debug]: Started analyzing test main_dbt_test__audit.not_null_mart_customer_revenue_customer_id
20:16:05.490435 [debug]: Finished analyzing [  0.00s] test main_dbt_test__audit.not_null_mart_customer_revenue_customer_id [skipped]
20:16:05.490458 [info ]: Finished analyzing [  1.11s] (10 nodes, 3 skipped, 0 errors)
20:16:05.490509 [info ]: Started running test main_dbt_test__audit.not_null_mart_customer_revenue_customer_id
20:16:05.490532 [info ]: Finished running [  0.00s] test main_dbt_test__audit.not_null_mart_customer_revenue_customer_id [skipped]
20:16:05.490554 [info ]: Finished running [  1.17s] (11 nodes, 5 skipped, 1 errors)
20:16:05.490588 [info ]:    Skipped [-------] test  not_null_mart_customer_revenue_customer_id (models/schema.yml:24:13)
20:16:05.596003 [info ]: 
==================== Execution Summary =====================
Finished 'build' with 1 warning and 2 errors for target 'dev' [1.7s]
Processed: 3 models | 7 tests | 1 seed
Summary: 11 total | 5 success | 1 error | 5 skipped
==================== 2026-09-16T20:17:32.676693Z | 01a0abde-11fd-7ff0-91d3-4f61f0a13a33 ====================
20:17:32.677098 [info ]: dbt-fusion 2.0.0-preview.176
20:17:32.678090 [info ]: Started loading project
20:17:32.681894 [info ]: Loading profiles.yml
20:17:32.717812 [debug]:    Started loading packages
20:17:32.722196 [debug]:     Loaded [  0.00s] packages
20:17:32.725535 [info ]: Finished loading project [  0.05s]
20:17:32.727063 [info ]: Started parsing
20:17:32.802063 [debug]: Finished parsing models/schema.yml [  0.00s]
20:17:32.810301 [debug]: Finished parsing models/intermediate/int_customer_revenue.sql [  0.00s]
20:17:32.811556 [debug]: Finished parsing models/marts/mart_customer_revenue.sql [  0.00s]
20:17:32.812797 [debug]: Finished parsing models/staging/stg_orders.sql [  0.00s]
20:17:32.821423 [debug]: Finished parsing target/generic_tests/unique_mart_customer_revenue_customer_id.sql [  0.00s]
20:17:32.822306 [debug]: Finished parsing target/generic_tests/not_null_mart_customer_revenue_customer_id.sql [  0.00s]
20:17:32.823159 [debug]: Finished parsing target/generic_tests/not_null_mart_customer_revenue_total_revenue.sql [  0.00s]
20:17:32.824156 [debug]: Finished parsing target/generic_tests/not_null_stg_orders_customer_id.sql [  0.00s]
20:17:32.825439 [debug]: Finished parsing target/generic_tests/unique_stg_orders_order_id.sql [  0.00s]
20:17:32.826534 [debug]: Finished parsing target/generic_tests/not_null_stg_orders_order_id.sql [  0.00s]
20:17:32.827580 [debug]: Finished parsing target/generic_tests/accepted_values_stg_orders_ef02b1aa47c932b07da66a6e2fb7d3b4.sql [  0.00s]
20:17:32.834041 [info ]: Finished parsing [  0.11s]
20:17:32.834642 [info ]: Started scheduling
20:17:32.834890 [info ]: Finished scheduling [  0.00s]
20:17:33.060556 [info ]: Started building task graph
20:17:33.060737 [info ]: Finished building task graph [  0.00s]
20:17:33.103714 [debug]: Query executed on node unknown:
/* {"app": "dbt", "connection_name": "", "dbt_version": "2.0.0", "profile_name": "dagger_test", "target_name": "dev"} */

    
    select schema_name
    from system.information_schema.schemata
    
    where lower(catalog_name) = '"dev"'
    
  
  
20:17:33.105634 [debug]: Query executed on node unknown:
/* {"app": "dbt", "connection_name": "", "dbt_version": "2.0.0", "profile_name": "dagger_test", "target_name": "dev"} */

    
        select type from duckdb_databases()
        where lower(database_name)='dev'
        and type='sqlite'
    
  
20:17:33.106676 [debug]: Query executed on node unknown:
/* {"app": "dbt", "connection_name": "", "dbt_version": "2.0.0", "profile_name": "dagger_test", "target_name": "dev"} */

    
    
        create schema if not exists "dev"."main"
    
20:17:33.106907 [info ]: Started rendering (1 nodes)
20:17:33.106997 [info ]: Started seed main.raw_orders
20:17:33.107016 [debug]: Started rendering seed main.raw_orders
20:17:33.107130 [debug]: Finished rendering [  0.00s] seed main.raw_orders [success]
20:17:33.107196 [info ]: Finished rendering [  0.00s] (1 nodes, 0 skipped, 0 errors)
20:17:33.107230 [info ]: Started running (1 nodes)
20:17:33.107277 [info ]: Started running seed main.raw_orders
20:17:33.132574 [debug]: Query executed on node seed.dagger_test.raw_orders:
SELECT table_catalog, table_schema, table_name, table_type FROM information_schema.tables WHERE table_schema = 'main'
20:17:33.140097 [debug]: Query executed on node seed.dagger_test.raw_orders:
/* {"app": "dbt", "dbt_version": "2.0.0", "node_id": "seed.dagger_test.raw_orders", "profile_name": "dagger_test", "target_name": "dev"} */
truncate table "dev"."main"."raw_orders"
20:17:33.154665 [debug]: Query executed on node seed.dagger_test.raw_orders:

          COPY "dev"."main"."raw_orders" FROM '/home/mballo/Projets/dagger_test/seeds/raw_orders.csv' (FORMAT CSV, HEADER TRUE, DELIMITER ',')
        
20:17:33.156466 [debug]: Writing runtime SQL for node "seed.dagger_test.raw_orders"
20:17:33.158700 [info ]: Finished running [  0.05s] seed main.raw_orders [success]
20:17:33.158814 [info ]: Finished running [  0.05s] (1 nodes, 0 skipped, 0 errors)
20:17:33.158858 [info ]:  Succeeded [  0.05s] seed  main.raw_orders (table)
20:17:33.536339 [info ]: 
==================== Execution Summary =====================
Finished 'seed' successfully for target 'dev' [859ms]
Processed: 1 seed
Summary: 1 total | 1 success
==================== 2026-09-16T20:17:42.079253Z | 01a0abde-36b9-7d90-98a4-1fc693b89020 ====================
20:17:42.081829 [info ]: dbt-fusion 2.0.0-preview.176
20:17:42.083721 [info ]: Started loading project
20:17:42.090876 [info ]: Loading profiles.yml
20:17:42.138281 [debug]:    Started loading packages
20:17:42.142144 [debug]:     Loaded [  0.00s] packages
20:17:42.144490 [info ]: Finished loading project [  0.06s]
20:17:42.145541 [info ]: Started parsing
20:17:42.212250 [debug]: Finished parsing models/schema.yml [  0.00s]
20:17:42.216104 [debug]: Finished parsing models/intermediate/int_customer_revenue.sql [  0.00s]
20:17:42.217023 [debug]: Finished parsing models/marts/mart_customer_revenue.sql [  0.00s]
20:17:42.217760 [debug]: Finished parsing models/staging/stg_orders.sql [  0.00s]
20:17:42.224762 [debug]: Finished parsing target/generic_tests/unique_mart_customer_revenue_customer_id.sql [  0.00s]
20:17:42.225612 [debug]: Finished parsing target/generic_tests/not_null_mart_customer_revenue_customer_id.sql [  0.00s]
20:17:42.226372 [debug]: Finished parsing target/generic_tests/not_null_mart_customer_revenue_total_revenue.sql [  0.00s]
20:17:42.227096 [debug]: Finished parsing target/generic_tests/not_null_stg_orders_customer_id.sql [  0.00s]
20:17:42.227861 [debug]: Finished parsing target/generic_tests/unique_stg_orders_order_id.sql [  0.00s]
20:17:42.229125 [debug]: Finished parsing target/generic_tests/not_null_stg_orders_order_id.sql [  0.00s]
20:17:42.230254 [debug]: Finished parsing target/generic_tests/accepted_values_stg_orders_ef02b1aa47c932b07da66a6e2fb7d3b4.sql [  0.00s]
20:17:42.235832 [info ]: Finished parsing [  0.09s]
20:17:42.236324 [info ]: Started scheduling
20:17:42.236597 [info ]: Finished scheduling [  0.00s]
20:17:42.463298 [info ]: Started building task graph
20:17:42.463700 [info ]: Finished building task graph [  0.00s]
20:17:42.507607 [debug]: Query executed on node unknown:
/* {"app": "dbt", "connection_name": "", "dbt_version": "2.0.0", "profile_name": "dagger_test", "target_name": "dev"} */

    
    select schema_name
    from system.information_schema.schemata
    
    where lower(catalog_name) = '"dev"'
    
  
  
20:17:42.509735 [debug]: Query executed on node unknown:
/* {"app": "dbt", "connection_name": "", "dbt_version": "2.0.0", "profile_name": "dagger_test", "target_name": "dev"} */

    
        select type from duckdb_databases()
        where lower(database_name)='dev'
        and type='sqlite'
    
  
20:17:42.510657 [debug]: Query executed on node unknown:
/* {"app": "dbt", "connection_name": "", "dbt_version": "2.0.0", "profile_name": "dagger_test", "target_name": "dev"} */

    
    
        create schema if not exists "dev"."main"
    
20:17:42.510909 [info ]: Started rendering (11 nodes)
20:17:42.510999 [info ]: Started seed main.raw_orders
20:17:42.511022 [debug]: Started rendering seed main.raw_orders
20:17:42.511272 [debug]: Finished rendering [  0.00s] seed main.raw_orders [success]
20:17:42.511372 [info ]: Started running (11 nodes)
20:17:42.511423 [info ]: Started running seed main.raw_orders
20:17:42.538467 [debug]: Query executed on node seed.dagger_test.raw_orders:
SELECT table_catalog, table_schema, table_name, table_type FROM information_schema.tables WHERE table_schema = 'main'
20:17:42.545464 [debug]: Query executed on node seed.dagger_test.raw_orders:
/* {"app": "dbt", "dbt_version": "2.0.0", "node_id": "seed.dagger_test.raw_orders", "profile_name": "dagger_test", "target_name": "dev"} */
truncate table "dev"."main"."raw_orders"
20:17:42.568055 [debug]: Query executed on node seed.dagger_test.raw_orders:

          COPY "dev"."main"."raw_orders" FROM '/home/mballo/Projets/dagger_test/seeds/raw_orders.csv' (FORMAT CSV, HEADER TRUE, DELIMITER ',')
        
20:17:42.570486 [debug]: Writing runtime SQL for node "seed.dagger_test.raw_orders"
20:17:42.573052 [info ]: Finished running [  0.06s] seed main.raw_orders [success]
20:17:42.573183 [info ]:  Succeeded [  0.06s] seed  main.raw_orders (table)
20:17:42.573290 [info ]: Started model main.stg_orders
20:17:42.573314 [debug]: Started rendering model main.stg_orders
20:17:42.574730 [debug]: Compiled SQL for node model.dagger_test.stg_orders at target/compiled/dagger_test/models/staging/stg_orders.sql
20:17:42.575051 [debug]: Finished rendering [  0.00s] model main.stg_orders [success]
20:17:42.575287 [info ]: Started analyzing (10 nodes)
20:17:42.575484 [debug]: Started analyzing model main.stg_orders
20:17:42.586963 [debug]: Finished analyzing [  0.01s] model main.stg_orders [success]
20:17:42.587163 [info ]: Started running model main.stg_orders
20:17:42.594802 [debug]: Writing runtime sql for node "model.dagger_test.stg_orders"
20:17:42.600697 [debug]: Query executed on node model.dagger_test.stg_orders:
/* {"app": "dbt", "dbt_version": "2.0.0", "node_id": "model.dagger_test.stg_orders", "profile_name": "dagger_test", "target_name": "dev"} */

  
  create view "dev"."main"."stg_orders__dbt_tmp" as (
    select
    order_id,
    customer_id,
    order_date,
    amount,
    status
from "dev"."main"."raw_orders"
  );

20:17:42.612237 [debug]: Query executed on node model.dagger_test.stg_orders:
/* {"app": "dbt", "dbt_version": "2.0.0", "node_id": "model.dagger_test.stg_orders", "profile_name": "dagger_test", "target_name": "dev"} */

      alter view "dev"."main"."stg_orders" rename to "stg_orders__dbt_backup"
    
20:17:42.629946 [debug]: Query executed on node model.dagger_test.stg_orders:
/* {"app": "dbt", "dbt_version": "2.0.0", "node_id": "model.dagger_test.stg_orders", "profile_name": "dagger_test", "target_name": "dev"} */

      alter view "dev"."main"."stg_orders__dbt_tmp" rename to "stg_orders"
    
20:17:42.643273 [debug]: Query executed on node model.dagger_test.stg_orders:
/* {"app": "dbt", "dbt_version": "2.0.0", "node_id": "model.dagger_test.stg_orders", "profile_name": "dagger_test", "target_name": "dev"} */

      drop view if exists "dev"."main"."stg_orders__dbt_backup" cascade
    
20:17:42.645210 [info ]: Finished running [  0.06s] model main.stg_orders [success]
20:17:42.645493 [info ]:  Succeeded [  0.07s] model main.stg_orders (view)
20:17:42.645706 [info ]: Started test main_dbt_test__audit.accepted_values_stg_orders_status__completed__cancelled__pending__error_
20:17:42.645760 [debug]: Started rendering test main_dbt_test__audit.accepted_values_stg_orders_status__completed__cancelled__pending__error_
20:17:42.645851 [info ]: Started model main.mart_customer_revenue
20:17:42.645891 [debug]: Started rendering model main.mart_customer_revenue
20:17:42.645949 [info ]: Started model main.int_customer_revenue
20:17:42.645981 [debug]: Started rendering model main.int_customer_revenue
20:17:42.646030 [info ]: Started test main_dbt_test__audit.unique_stg_orders_order_id
20:17:42.646061 [debug]: Started rendering test main_dbt_test__audit.unique_stg_orders_order_id
20:17:42.646107 [info ]: Started test main_dbt_test__audit.not_null_stg_orders_order_id
20:17:42.646132 [debug]: Started rendering test main_dbt_test__audit.not_null_stg_orders_order_id
20:17:42.646172 [info ]: Started test main_dbt_test__audit.not_null_stg_orders_customer_id
20:17:42.646194 [debug]: Started rendering test main_dbt_test__audit.not_null_stg_orders_customer_id
20:17:42.649874 [debug]: Compiled SQL for node model.dagger_test.int_customer_revenue at target/compiled/dagger_test/models/intermediate/int_customer_revenue.sql
20:17:42.650193 [debug]: Finished rendering [  0.00s] model main.int_customer_revenue [success]
20:17:42.650489 [debug]: Started analyzing model main.int_customer_revenue
20:17:42.653321 [debug]: Compiled SQL for node test.dagger_test.not_null_stg_orders_customer_id.af79d5e4b5 at target/compiled/dagger_test/target/generic_tests/not_null_stg_orders_customer_id.sql
20:17:42.654564 [debug]: Finished rendering [  0.01s] test main_dbt_test__audit.not_null_stg_orders_customer_id [success]
20:17:42.654811 [debug]: Started analyzing test main_dbt_test__audit.not_null_stg_orders_customer_id
20:17:42.654844 [debug]: Compiled SQL for node test.dagger_test.not_null_stg_orders_order_id.81cfe2fe64 at target/compiled/dagger_test/target/generic_tests/not_null_stg_orders_order_id.sql
20:17:42.655799 [debug]: Compiled SQL for node model.dagger_test.mart_customer_revenue at target/compiled/dagger_test/models/marts/mart_customer_revenue.sql
20:17:42.656106 [debug]: Finished rendering [  0.01s] test main_dbt_test__audit.not_null_stg_orders_order_id [success]
20:17:42.656338 [debug]: Started analyzing test main_dbt_test__audit.not_null_stg_orders_order_id
20:17:42.656420 [debug]: Finished rendering [  0.01s] model main.mart_customer_revenue [success]
20:17:42.656594 [debug]: Started analyzing model main.mart_customer_revenue
20:17:42.658664 [debug]: Finished analyzing [  0.00s] test main_dbt_test__audit.not_null_stg_orders_order_id [success]
20:17:42.660407 [info ]: Started running test main_dbt_test__audit.not_null_stg_orders_order_id
20:17:42.660971 [debug]: Finished analyzing [  0.01s] model main.int_customer_revenue [success]
20:17:42.662035 [debug]: Compiled SQL for node test.dagger_test.accepted_values_stg_orders_status__completed__cancelled__pending__error_.59106b2486 at target/compiled/dagger_test/target/generic_tests/accepted_values_stg_orders_ef02b1aa47c932b07da66a6e2fb7d3b4.sql
20:17:42.662622 [debug]: Compiled SQL for node test.dagger_test.unique_stg_orders_order_id.e3b841c71a at target/compiled/dagger_test/target/generic_tests/unique_stg_orders_order_id.sql
20:17:42.662826 [debug]: Finished rendering [  0.02s] test main_dbt_test__audit.accepted_values_stg_orders_status__completed__cancelled__pending__error_ [success]
20:17:42.663631 [debug]: Started analyzing test main_dbt_test__audit.accepted_values_stg_orders_status__completed__cancelled__pending__error_
20:17:42.663714 [debug]: Finished rendering [  0.02s] test main_dbt_test__audit.unique_stg_orders_order_id [success]
20:17:42.664615 [debug]: Started analyzing test main_dbt_test__audit.unique_stg_orders_order_id
20:17:42.664698 [debug]: Finished analyzing [  0.01s] test main_dbt_test__audit.not_null_stg_orders_customer_id [success]
20:17:42.665282 [info ]: Started running test main_dbt_test__audit.not_null_stg_orders_customer_id
20:17:42.669067 [debug]: Finished analyzing [  0.01s] model main.mart_customer_revenue [success]
20:17:42.669698 [debug]: Writing runtime sql for node "test.dagger_test.not_null_stg_orders_order_id.81cfe2fe64"
20:17:42.672258 [debug]: Writing runtime sql for node "test.dagger_test.not_null_stg_orders_customer_id.af79d5e4b5"
20:17:42.672962 [warn ]: dbt0101: extraneous input ''' expecting one of ',', ')'
  --> models/schema.yml:1:1 (target/compiled/dagger_test/target/generic_tests/accepted_values_stg_orders_ef02b1aa47c932b07da66a6e2fb7d3b4.sql:33:46)
20:17:42.672992 [debug]: Finished analyzing [  0.01s] test main_dbt_test__audit.unique_stg_orders_order_id [success]
20:17:42.673110 [info ]: Started running test main_dbt_test__audit.unique_stg_orders_order_id
20:17:42.673163 [debug]: Finished analyzing [  0.01s] test main_dbt_test__audit.accepted_values_stg_orders_status__completed__cancelled__pending__error_ [success]
20:17:42.673209 [info ]: Started running test main_dbt_test__audit.accepted_values_stg_orders_status__completed__cancelled__pending__error_
20:17:42.676923 [debug]: Writing runtime sql for node "test.dagger_test.accepted_values_stg_orders_status__completed__cancelled__pending__error_.59106b2486"
20:17:42.677193 [debug]: Query executed on node test.dagger_test.not_null_stg_orders_customer_id.af79d5e4b5:
/* {"app": "dbt", "dbt_version": "2.0.0", "node_id": "test.dagger_test.not_null_stg_orders_customer_id.af79d5e4b5", "profile_name": "dagger_test", "target_name": "dev"} */

    
    select
      count(*) as failures,
      count(*) != 0 as should_warn,
      count(*) != 0 as should_error
    from (
      
    
  
    
    



select customer_id
from "dev"."main"."stg_orders"
where customer_id is null



  
  
      
    ) dbt_internal_test
20:17:42.677081 [debug]: Writing runtime sql for node "test.dagger_test.unique_stg_orders_order_id.e3b841c71a"
20:17:42.679580 [info ]: Finished running [  0.01s] test main_dbt_test__audit.not_null_stg_orders_customer_id [pass]
20:17:42.679720 [debug]: Query executed on node test.dagger_test.accepted_values_stg_orders_status__completed__cancelled__pending__error_.59106b2486:
/* {"app": "dbt", "dbt_version": "2.0.0", "node_id": "test.dagger_test.accepted_values_stg_orders_status__completed__cancelled__pending__error_.59106b2486", "profile_name": "dagger_test", "target_name": "dev"} */

    
    select
      count(*) as failures,
      count(*) != 0 as should_warn,
      count(*) != 0 as should_error
    from (
      
    
  
    
    

with all_values as (

    select
        status as value_field,
        count(*) as n_records

    from "dev"."main"."stg_orders"
    group by status

)

select *
from all_values
where value_field not in (
    'completed','cancelled','pending','error''
)



  
  
      
    ) dbt_internal_test
20:17:42.679727 [info ]:     Passed [  0.03s] test  not_null_stg_orders_customer_id
20:17:42.680921 [debug]: Query executed on node test.dagger_test.not_null_stg_orders_order_id.81cfe2fe64:
/* {"app": "dbt", "dbt_version": "2.0.0", "node_id": "test.dagger_test.not_null_stg_orders_order_id.81cfe2fe64", "profile_name": "dagger_test", "target_name": "dev"} */

    
    select
      count(*) as failures,
      count(*) != 0 as should_warn,
      count(*) != 0 as should_error
    from (
      
    
  
    
    



select order_id
from "dev"."main"."stg_orders"
where order_id is null



  
  
      
    ) dbt_internal_test
20:17:42.682238 [info ]: Finished running [  0.02s] test main_dbt_test__audit.not_null_stg_orders_order_id [pass]
20:17:42.682343 [info ]:     Passed [  0.03s] test  not_null_stg_orders_order_id
20:17:42.690431 [debug]: Query executed on node test.dagger_test.unique_stg_orders_order_id.e3b841c71a:
/* {"app": "dbt", "dbt_version": "2.0.0", "node_id": "test.dagger_test.unique_stg_orders_order_id.e3b841c71a", "profile_name": "dagger_test", "target_name": "dev"} */

    
    select
      count(*) as failures,
      count(*) != 0 as should_warn,
      count(*) != 0 as should_error
    from (
      
    
  
    
    

select
    order_id as unique_field,
    count(*) as n_records

from "dev"."main"."stg_orders"
where order_id is not null
group by order_id
having count(*) > 1



  
  
      
    ) dbt_internal_test
20:17:42.691602 [info ]: Finished running [  0.02s] test main_dbt_test__audit.unique_stg_orders_order_id [pass]
20:17:42.691695 [info ]:     Passed [  0.04s] test  unique_stg_orders_order_id
20:17:43.680713 [error]: Error materializing test test.dagger_test.accepted_values_stg_orders_status__completed__cancelled__pending__error_.59106b2486 (target/run/dagger_test/target/generic_tests/accepted_values_stg_orders_ef02b1aa47c932b07da66a6e2fb7d3b4.sql)
  Parser Error: unterminated quoted string at or near "'error''
  )
  
  
  
    
    
        
      ) dbt_internal_test"
  
  LINE 29:     'completed','cancelled','pending','error''
                                                 ^
  (in compiled/dagger_test/target/generic_tests/accepted_values_stg_orders_ef02b1aa47c932b07da66a6e2fb7d3b4.sql:1:1). Treating as failing test.
20:17:43.681234 [info ]: Finished running [  1.01s] test main_dbt_test__audit.accepted_values_stg_orders_status__completed__cancelled__pending__error_ [fail]
20:17:43.681569 [info ]:     Failed [  1.03s] test  accepted_values_stg_orders_status__completed__cancelled__pending__error_ (models/schema.yml:15:13)
20:17:43.681934 [info ]: Started running model main.mart_customer_revenue
20:17:43.682042 [info ]: Finished running [  0.00s] model main.mart_customer_revenue [skipped]
20:17:43.682221 [info ]:    Skipped [-------] model main.mart_customer_revenue (table)
20:17:43.682488 [info ]: Started test main_dbt_test__audit.not_null_mart_customer_revenue_customer_id
20:17:43.682541 [debug]: Started rendering test main_dbt_test__audit.not_null_mart_customer_revenue_customer_id
20:17:43.682626 [debug]: Finished rendering [  0.00s] test main_dbt_test__audit.not_null_mart_customer_revenue_customer_id [skipped]
20:17:43.682726 [debug]: Started analyzing test main_dbt_test__audit.not_null_mart_customer_revenue_customer_id
20:17:43.682782 [debug]: Finished analyzing [  0.00s] test main_dbt_test__audit.not_null_mart_customer_revenue_customer_id [skipped]
20:17:43.682866 [info ]: Started running test main_dbt_test__audit.not_null_mart_customer_revenue_customer_id
20:17:43.682934 [info ]: Finished running [  0.00s] test main_dbt_test__audit.not_null_mart_customer_revenue_customer_id [skipped]
20:17:43.683006 [info ]:    Skipped [-------] test  not_null_mart_customer_revenue_customer_id (models/schema.yml:24:13)
20:17:43.683065 [info ]: Started test main_dbt_test__audit.not_null_mart_customer_revenue_total_revenue
20:17:43.683111 [debug]: Started rendering test main_dbt_test__audit.not_null_mart_customer_revenue_total_revenue
20:17:43.683179 [debug]: Finished rendering [  0.00s] test main_dbt_test__audit.not_null_mart_customer_revenue_total_revenue [skipped]
20:17:43.683266 [debug]: Started analyzing test main_dbt_test__audit.not_null_mart_customer_revenue_total_revenue
20:17:43.683312 [debug]: Finished analyzing [  0.00s] test main_dbt_test__audit.not_null_mart_customer_revenue_total_revenue [skipped]
20:17:43.683422 [info ]: Started running test main_dbt_test__audit.not_null_mart_customer_revenue_total_revenue
20:17:43.683480 [info ]: Finished running [  0.00s] test main_dbt_test__audit.not_null_mart_customer_revenue_total_revenue [skipped]
20:17:43.683554 [info ]:    Skipped [-------] test  not_null_mart_customer_revenue_total_revenue (models/schema.yml:27:13)
20:17:43.683616 [info ]: Started test main_dbt_test__audit.unique_mart_customer_revenue_customer_id
20:17:43.683651 [debug]: Started rendering test main_dbt_test__audit.unique_mart_customer_revenue_customer_id
20:17:43.683717 [debug]: Finished rendering [  0.00s] test main_dbt_test__audit.unique_mart_customer_revenue_customer_id [skipped]
20:17:43.683798 [info ]: Finished rendering [  1.17s] (11 nodes, 3 skipped, 0 errors)
20:17:43.684010 [debug]: Started analyzing test main_dbt_test__audit.unique_mart_customer_revenue_customer_id
20:17:43.684093 [debug]: Finished analyzing [  0.00s] test main_dbt_test__audit.unique_mart_customer_revenue_customer_id [skipped]
20:17:43.684166 [info ]: Finished analyzing [  1.11s] (10 nodes, 3 skipped, 0 errors)
20:17:43.684326 [info ]: Started running test main_dbt_test__audit.unique_mart_customer_revenue_customer_id
20:17:43.684441 [info ]: Finished running [  0.00s] test main_dbt_test__audit.unique_mart_customer_revenue_customer_id [skipped]
20:17:43.684558 [info ]:    Skipped [-------] test  unique_mart_customer_revenue_customer_id (models/schema.yml:23:13)
20:17:43.684614 [info ]: Started running model main.int_customer_revenue
20:17:43.684762 [info ]: Finished running [  0.00s] model main.int_customer_revenue [skipped]
20:17:43.684841 [info ]: Finished running [  1.17s] (11 nodes, 5 skipped, 1 errors)
20:17:43.684964 [info ]:    Skipped [-------] model main.int_customer_revenue (view)
20:17:43.855020 [info ]: 
==================== Execution Summary =====================
Finished 'build' with 1 warning and 2 errors for target 'dev' [1.8s]
Processed: 3 models | 7 tests | 1 seed
Summary: 11 total | 5 success | 1 error | 5 skipped
==================== 2026-09-16T20:21:15.954601Z | 01a0abe1-7a2d-7640-b464-b00c5d285e34 ====================
20:21:15.955006 [info ]: dbt-fusion 2.0.0-preview.176
20:21:15.955958 [info ]: Started loading project
20:21:15.959320 [info ]: Loading profiles.yml
20:21:15.961258 [info ]: Finished loading project [  0.01s]
20:21:15.961877 [info ]: Started debugging
20:21:15.962028 [info ]: Debugging profile: dev
20:21:15.962133 [info ]: Debugging dbt version: 2.0.0-preview.176
20:21:15.962406 [info ]: Debugging platform: linux x86_64 (unix)
20:21:15.962526 [info ]: Debugging adapter type: duckdb (remote)
20:21:15.968980 [info ]: Debugging dependencies:
  git: OK
20:21:15.969652 [info ]: Debugging connection:
  "path": "target/dev.duckdb"
20:21:16.058611 [debug]: Query executed on node unknown:
select 1 as id
20:21:16.058850 [info ]: Debugging connection test: OK
20:21:16.061991 [info ]: Debugged All checks passed!
20:21:16.062112 [info ]: Finished debugging [  0.10s]
20:21:16.870549 [info ]: 
==================== Execution Summary =====================
Finished 'debug' successfully for target 'dev' [915ms]
==================== 2026-09-16T20:21:21.281059Z | 01a0abe1-8efb-7ba0-8429-fc2cd9c29621 ====================
20:21:21.281747 [info ]: dbt-fusion 2.0.0-preview.176
20:21:21.282877 [info ]: Started loading project
20:21:21.286252 [info ]: Loading profiles.yml
20:21:21.320019 [debug]:    Started loading packages
20:21:21.323344 [debug]:     Loaded [  0.00s] packages
20:21:21.325734 [info ]: Finished loading project [  0.04s]
20:21:21.326752 [info ]: Started parsing
20:21:21.401593 [debug]: Finished parsing models/schema.yml [  0.00s]
20:21:21.405139 [debug]: Finished parsing models/intermediate/int_customer_revenue.sql [  0.00s]
20:21:21.405950 [debug]: Finished parsing models/marts/mart_customer_revenue.sql [  0.00s]
20:21:21.406693 [debug]: Finished parsing models/staging/stg_orders.sql [  0.00s]
20:21:21.413681 [debug]: Finished parsing target/generic_tests/unique_mart_customer_revenue_customer_id.sql [  0.00s]
20:21:21.415164 [debug]: Finished parsing target/generic_tests/not_null_mart_customer_revenue_customer_id.sql [  0.00s]
20:21:21.416016 [debug]: Finished parsing target/generic_tests/not_null_mart_customer_revenue_total_revenue.sql [  0.00s]
20:21:21.416773 [debug]: Finished parsing target/generic_tests/not_null_stg_orders_customer_id.sql [  0.00s]
20:21:21.417484 [debug]: Finished parsing target/generic_tests/unique_stg_orders_order_id.sql [  0.00s]
20:21:21.418177 [debug]: Finished parsing target/generic_tests/not_null_stg_orders_order_id.sql [  0.00s]
20:21:21.418854 [debug]: Finished parsing target/generic_tests/accepted_values_stg_orders_ef02b1aa47c932b07da66a6e2fb7d3b4.sql [  0.00s]
20:21:21.426867 [info ]: Finished parsing [  0.10s]
20:21:21.427752 [info ]: Started scheduling
20:21:21.428540 [info ]: Finished scheduling [  0.00s]
20:21:21.430498 [debug]: Initializing schema store with entry: Frontier(CanonicalFqn { catalog: "dev", schema: "main", table: "stg_orders" }) and interval: None
20:21:21.430558 [debug]: Initializing schema store with entry: Frontier(CanonicalFqn { catalog: "dev", schema: "main", table: "mart_customer_revenue" }) and interval: None
20:21:21.668243 [info ]: Started building task graph
20:21:21.668528 [info ]: Finished building task graph [  0.00s]
20:21:21.668873 [info ]: Started rendering (7 nodes)
20:21:21.668942 [info ]: Started test main_dbt_test__audit.unique_stg_orders_order_id
20:21:21.668961 [debug]: Started rendering test main_dbt_test__audit.unique_stg_orders_order_id
20:21:21.669000 [info ]: Started test main_dbt_test__audit.unique_mart_customer_revenue_customer_id
20:21:21.669043 [debug]: Started rendering test main_dbt_test__audit.unique_mart_customer_revenue_customer_id
20:21:21.669067 [info ]: Started test main_dbt_test__audit.not_null_stg_orders_order_id
20:21:21.669083 [debug]: Started rendering test main_dbt_test__audit.not_null_stg_orders_order_id
20:21:21.669102 [info ]: Started test main_dbt_test__audit.not_null_stg_orders_customer_id
20:21:21.669113 [debug]: Started rendering test main_dbt_test__audit.not_null_stg_orders_customer_id
20:21:21.669146 [info ]: Started test main_dbt_test__audit.not_null_mart_customer_revenue_total_revenue
20:21:21.669159 [debug]: Started rendering test main_dbt_test__audit.not_null_mart_customer_revenue_total_revenue
20:21:21.669183 [info ]: Started test main_dbt_test__audit.not_null_mart_customer_revenue_customer_id
20:21:21.669199 [debug]: Started rendering test main_dbt_test__audit.not_null_mart_customer_revenue_customer_id
20:21:21.669227 [info ]: Started test main_dbt_test__audit.accepted_values_stg_orders_status__completed__cancelled__pending__error_
20:21:21.669240 [debug]: Started rendering test main_dbt_test__audit.accepted_values_stg_orders_status__completed__cancelled__pending__error_
20:21:21.671142 [debug]: Compiled SQL for node test.dagger_test.unique_stg_orders_order_id.e3b841c71a at target/compiled/dagger_test/target/generic_tests/unique_stg_orders_order_id.sql
20:21:21.671186 [debug]: Compiled SQL for node test.dagger_test.not_null_stg_orders_order_id.81cfe2fe64 at target/compiled/dagger_test/target/generic_tests/not_null_stg_orders_order_id.sql
20:21:21.671423 [debug]: Finished rendering [  0.00s] test main_dbt_test__audit.unique_stg_orders_order_id [success]
20:21:21.671996 [info ]: Started analyzing (7 nodes)
20:21:21.672099 [debug]: Started analyzing test main_dbt_test__audit.unique_stg_orders_order_id
20:21:21.672142 [debug]: Finished rendering [  0.00s] test main_dbt_test__audit.not_null_stg_orders_order_id [success]
20:21:21.672498 [debug]: Started analyzing test main_dbt_test__audit.not_null_stg_orders_order_id
20:21:21.673051 [debug]: Compiled SQL for node test.dagger_test.unique_mart_customer_revenue_customer_id.97da55bad4 at target/compiled/dagger_test/target/generic_tests/unique_mart_customer_revenue_customer_id.sql
20:21:21.673117 [debug]: Compiled SQL for node test.dagger_test.not_null_stg_orders_customer_id.af79d5e4b5 at target/compiled/dagger_test/target/generic_tests/not_null_stg_orders_customer_id.sql
20:21:21.673304 [debug]: Compiled SQL for node test.dagger_test.accepted_values_stg_orders_status__completed__cancelled__pending__error_.59106b2486 at target/compiled/dagger_test/target/generic_tests/accepted_values_stg_orders_ef02b1aa47c932b07da66a6e2fb7d3b4.sql
20:21:21.673245 [debug]: Finished rendering [  0.00s] test main_dbt_test__audit.not_null_stg_orders_customer_id [success]
20:21:21.673352 [debug]: Started analyzing test main_dbt_test__audit.not_null_stg_orders_customer_id
20:21:21.673482 [debug]: Finished rendering [  0.00s] test main_dbt_test__audit.unique_mart_customer_revenue_customer_id [success]
20:21:21.673548 [debug]: Started analyzing test main_dbt_test__audit.unique_mart_customer_revenue_customer_id
20:21:21.674079 [debug]: Compiled SQL for node test.dagger_test.not_null_mart_customer_revenue_customer_id.f463684890 at target/compiled/dagger_test/target/generic_tests/not_null_mart_customer_revenue_customer_id.sql
20:21:21.674572 [debug]: Compiled SQL for node test.dagger_test.not_null_mart_customer_revenue_total_revenue.fc426a5091 at target/compiled/dagger_test/target/generic_tests/not_null_mart_customer_revenue_total_revenue.sql
20:21:21.682759 [debug]: Finished analyzing [  0.01s] test main_dbt_test__audit.not_null_stg_orders_customer_id [success]
20:21:21.682926 [info ]: Started running (7 nodes)
20:21:21.682996 [info ]: Started running test main_dbt_test__audit.not_null_stg_orders_customer_id
20:21:21.683134 [debug]: Finished rendering [  0.01s] test main_dbt_test__audit.accepted_values_stg_orders_status__completed__cancelled__pending__error_ [success]
20:21:21.683223 [debug]: Started analyzing test main_dbt_test__audit.accepted_values_stg_orders_status__completed__cancelled__pending__error_
20:21:21.683585 [debug]: Finished analyzing [  0.01s] test main_dbt_test__audit.not_null_stg_orders_order_id [success]
20:21:21.683714 [info ]: Started running test main_dbt_test__audit.not_null_stg_orders_order_id
20:21:21.685847 [debug]: Finished analyzing [  0.01s] test main_dbt_test__audit.unique_mart_customer_revenue_customer_id [success]
20:21:21.686029 [info ]: Started running test main_dbt_test__audit.unique_mart_customer_revenue_customer_id
20:21:21.686129 [debug]: Finished rendering [  0.02s] test main_dbt_test__audit.not_null_mart_customer_revenue_customer_id [success]
20:21:21.687487 [warn ]: dbt0101: extraneous input ''' expecting one of ',', ')'
  --> models/schema.yml:1:1 (target/compiled/dagger_test/target/generic_tests/accepted_values_stg_orders_ef02b1aa47c932b07da66a6e2fb7d3b4.sql:33:46)
20:21:21.689407 [debug]: Started analyzing test main_dbt_test__audit.not_null_mart_customer_revenue_customer_id
20:21:21.689513 [debug]: Writing runtime sql for node "test.dagger_test.not_null_stg_orders_customer_id.af79d5e4b5"
20:21:21.689516 [debug]: Finished analyzing [  0.02s] test main_dbt_test__audit.unique_stg_orders_order_id [success]
20:21:21.689647 [info ]: Started running test main_dbt_test__audit.unique_stg_orders_order_id
20:21:21.689690 [debug]: Finished rendering [  0.02s] test main_dbt_test__audit.not_null_mart_customer_revenue_total_revenue [success]
20:21:21.689764 [info ]: Finished rendering [  0.02s] (7 nodes, 0 skipped, 0 errors)
20:21:21.689836 [debug]: Started analyzing test main_dbt_test__audit.not_null_mart_customer_revenue_total_revenue
20:21:21.689868 [debug]: Finished analyzing [  0.01s] test main_dbt_test__audit.accepted_values_stg_orders_status__completed__cancelled__pending__error_ [success]
20:21:21.690535 [info ]: Started running test main_dbt_test__audit.accepted_values_stg_orders_status__completed__cancelled__pending__error_
20:21:21.690587 [debug]: Finished analyzing [  0.00s] test main_dbt_test__audit.not_null_mart_customer_revenue_customer_id [success]
20:21:21.690670 [info ]: Started running test main_dbt_test__audit.not_null_mart_customer_revenue_customer_id
20:21:21.690715 [debug]: Finished analyzing [  0.00s] test main_dbt_test__audit.not_null_mart_customer_revenue_total_revenue [success]
20:21:21.690777 [info ]: Finished analyzing [  0.02s] (7 nodes, 0 skipped, 0 errors)
20:21:21.690833 [info ]: Started running test main_dbt_test__audit.not_null_mart_customer_revenue_total_revenue
20:21:21.691419 [debug]: Writing runtime sql for node "test.dagger_test.unique_mart_customer_revenue_customer_id.97da55bad4"
20:21:21.694252 [debug]: Writing runtime sql for node "test.dagger_test.unique_stg_orders_order_id.e3b841c71a"
20:21:21.698408 [debug]: Writing runtime sql for node "test.dagger_test.not_null_mart_customer_revenue_total_revenue.fc426a5091"
20:21:21.699260 [debug]: Writing runtime sql for node "test.dagger_test.accepted_values_stg_orders_status__completed__cancelled__pending__error_.59106b2486"
20:21:21.708137 [debug]: Writing runtime sql for node "test.dagger_test.not_null_stg_orders_order_id.81cfe2fe64"
20:21:21.715184 [debug]: Writing runtime sql for node "test.dagger_test.not_null_mart_customer_revenue_customer_id.f463684890"
20:21:21.741144 [debug]: Query executed on node test.dagger_test.accepted_values_stg_orders_status__completed__cancelled__pending__error_.59106b2486:
/* {"app": "dbt", "dbt_version": "2.0.0", "node_id": "test.dagger_test.accepted_values_stg_orders_status__completed__cancelled__pending__error_.59106b2486", "profile_name": "dagger_test", "target_name": "dev"} */

    
    select
      count(*) as failures,
      count(*) != 0 as should_warn,
      count(*) != 0 as should_error
    from (
      
    
  
    
    

with all_values as (

    select
        status as value_field,
        count(*) as n_records

    from "dev"."main"."stg_orders"
    group by status

)

select *
from all_values
where value_field not in (
    'completed','cancelled','pending','error''
)



  
  
      
    ) dbt_internal_test
20:21:21.743026 [debug]: Query executed on node test.dagger_test.not_null_mart_customer_revenue_customer_id.f463684890:
/* {"app": "dbt", "dbt_version": "2.0.0", "node_id": "test.dagger_test.not_null_mart_customer_revenue_customer_id.f463684890", "profile_name": "dagger_test", "target_name": "dev"} */

    
    select
      count(*) as failures,
      count(*) != 0 as should_warn,
      count(*) != 0 as should_error
    from (
      
    
  
    
    



select customer_id
from "dev"."main"."mart_customer_revenue"
where customer_id is null



  
  
      
    ) dbt_internal_test
20:21:21.743026 [debug]: Query executed on node test.dagger_test.not_null_stg_orders_order_id.81cfe2fe64:
/* {"app": "dbt", "dbt_version": "2.0.0", "node_id": "test.dagger_test.not_null_stg_orders_order_id.81cfe2fe64", "profile_name": "dagger_test", "target_name": "dev"} */

    
    select
      count(*) as failures,
      count(*) != 0 as should_warn,
      count(*) != 0 as should_error
    from (
      
    
  
    
    



select order_id
from "dev"."main"."stg_orders"
where order_id is null



  
  
      
    ) dbt_internal_test
20:21:21.744222 [info ]: Finished running [  0.06s] test main_dbt_test__audit.not_null_stg_orders_order_id [pass]
20:21:21.744837 [info ]:     Passed [  0.07s] test  not_null_stg_orders_order_id
20:21:21.745251 [info ]: Finished running [  0.05s] test main_dbt_test__audit.not_null_mart_customer_revenue_customer_id [pass]
20:21:21.745487 [info ]:     Passed [  0.07s] test  not_null_mart_customer_revenue_customer_id
20:21:21.747459 [debug]: Query executed on node test.dagger_test.not_null_stg_orders_customer_id.af79d5e4b5:
/* {"app": "dbt", "dbt_version": "2.0.0", "node_id": "test.dagger_test.not_null_stg_orders_customer_id.af79d5e4b5", "profile_name": "dagger_test", "target_name": "dev"} */

    
    select
      count(*) as failures,
      count(*) != 0 as should_warn,
      count(*) != 0 as should_error
    from (
      
    
  
    
    



select customer_id
from "dev"."main"."stg_orders"
where customer_id is null



  
  
      
    ) dbt_internal_test
20:21:21.748922 [debug]: Query executed on node test.dagger_test.unique_mart_customer_revenue_customer_id.97da55bad4:
/* {"app": "dbt", "dbt_version": "2.0.0", "node_id": "test.dagger_test.unique_mart_customer_revenue_customer_id.97da55bad4", "profile_name": "dagger_test", "target_name": "dev"} */

    
    select
      count(*) as failures,
      count(*) != 0 as should_warn,
      count(*) != 0 as should_error
    from (
      
    
  
    
    

select
    customer_id as unique_field,
    count(*) as n_records

from "dev"."main"."mart_customer_revenue"
where customer_id is not null
group by customer_id
having count(*) > 1



  
  
      
    ) dbt_internal_test
20:21:21.748921 [debug]: Query executed on node test.dagger_test.not_null_mart_customer_revenue_total_revenue.fc426a5091:
/* {"app": "dbt", "dbt_version": "2.0.0", "node_id": "test.dagger_test.not_null_mart_customer_revenue_total_revenue.fc426a5091", "profile_name": "dagger_test", "target_name": "dev"} */

    
    select
      count(*) as failures,
      count(*) != 0 as should_warn,
      count(*) != 0 as should_error
    from (
      
    
  
    
    



select total_revenue
from "dev"."main"."mart_customer_revenue"
where total_revenue is null



  
  
      
    ) dbt_internal_test
20:21:21.749753 [info ]: Finished running [  0.07s] test main_dbt_test__audit.not_null_stg_orders_customer_id [pass]
20:21:21.749896 [info ]:     Passed [  0.08s] test  not_null_stg_orders_customer_id
20:21:21.750047 [info ]: Finished running [  0.06s] test main_dbt_test__audit.not_null_mart_customer_revenue_total_revenue [pass]
20:21:21.750112 [info ]:     Passed [  0.08s] test  not_null_mart_customer_revenue_total_revenue
20:21:21.750209 [info ]: Finished running [  0.06s] test main_dbt_test__audit.unique_mart_customer_revenue_customer_id [pass]
20:21:21.750258 [info ]:     Passed [  0.08s] test  unique_mart_customer_revenue_customer_id
20:21:21.750950 [debug]: Query executed on node test.dagger_test.unique_stg_orders_order_id.e3b841c71a:
/* {"app": "dbt", "dbt_version": "2.0.0", "node_id": "test.dagger_test.unique_stg_orders_order_id.e3b841c71a", "profile_name": "dagger_test", "target_name": "dev"} */

    
    select
      count(*) as failures,
      count(*) != 0 as should_warn,
      count(*) != 0 as should_error
    from (
      
    
  
    
    

select
    order_id as unique_field,
    count(*) as n_records

from "dev"."main"."stg_orders"
where order_id is not null
group by order_id
having count(*) > 1



  
  
      
    ) dbt_internal_test
20:21:21.752583 [info ]: Finished running [  0.06s] test main_dbt_test__audit.unique_stg_orders_order_id [pass]
20:21:21.752716 [info ]:     Passed [  0.08s] test  unique_stg_orders_order_id
20:21:22.741956 [error]: Error materializing test test.dagger_test.accepted_values_stg_orders_status__completed__cancelled__pending__error_.59106b2486 (target/run/dagger_test/target/generic_tests/accepted_values_stg_orders_ef02b1aa47c932b07da66a6e2fb7d3b4.sql)
  Parser Error: unterminated quoted string at or near "'error''
  )
  
  
  
    
    
        
      ) dbt_internal_test"
  
  LINE 29:     'completed','cancelled','pending','error''
                                                 ^
  (in compiled/dagger_test/target/generic_tests/accepted_values_stg_orders_ef02b1aa47c932b07da66a6e2fb7d3b4.sql:1:1). Treating as failing test.
20:21:22.742506 [info ]: Finished running [  1.05s] test main_dbt_test__audit.accepted_values_stg_orders_status__completed__cancelled__pending__error_ [fail]
20:21:22.742789 [info ]: Finished running [  1.06s] (7 nodes, 0 skipped, 1 errors)
20:21:22.742909 [info ]:     Failed [  1.07s] test  accepted_values_stg_orders_status__completed__cancelled__pending__error_ (models/schema.yml:15:13)
20:21:22.860327 [info ]: 
==================== Execution Summary =====================
Finished 'test' with 1 warning and 2 errors for target 'dev' [1.6s]
Processed: 7 tests
Summary: 7 total | 6 success | 1 error
==================== 2026-09-16T20:22:10.379757Z | 01a0abe2-4ec5-7121-9b7b-2a050935c8d1 ====================
20:22:10.380147 [info ]: dbt-fusion 2.0.0-preview.176
20:22:10.381248 [info ]: Started loading project
20:22:10.384675 [info ]: Loading profiles.yml
20:22:10.417424 [debug]:    Started loading packages
20:22:10.420739 [debug]:     Loaded [  0.00s] packages
20:22:10.423827 [info ]: Finished loading project [  0.04s]
20:22:10.425629 [info ]: Started parsing
20:22:10.497490 [debug]: Finished parsing models/schema.yml [  0.00s]
20:22:10.501004 [debug]: Finished parsing models/intermediate/int_customer_revenue.sql [  0.00s]
20:22:10.502013 [debug]: Finished parsing models/marts/mart_customer_revenue.sql [  0.00s]
20:22:10.502785 [debug]: Finished parsing models/staging/stg_orders.sql [  0.00s]
20:22:10.509444 [debug]: Finished parsing target/generic_tests/unique_mart_customer_revenue_customer_id.sql [  0.00s]
20:22:10.510375 [debug]: Finished parsing target/generic_tests/not_null_mart_customer_revenue_customer_id.sql [  0.00s]
20:22:10.511097 [debug]: Finished parsing target/generic_tests/not_null_mart_customer_revenue_total_revenue.sql [  0.00s]
20:22:10.511808 [debug]: Finished parsing target/generic_tests/not_null_stg_orders_customer_id.sql [  0.00s]
20:22:10.512588 [debug]: Finished parsing target/generic_tests/unique_stg_orders_order_id.sql [  0.00s]
20:22:10.513638 [debug]: Finished parsing target/generic_tests/not_null_stg_orders_order_id.sql [  0.00s]
20:22:10.514464 [debug]: Finished parsing target/generic_tests/accepted_values_stg_orders_89713fe3c990b790744203d2d83c06ca.sql [  0.00s]
20:22:10.519874 [info ]: Finished parsing [  0.09s]
20:22:10.520572 [info ]: Started scheduling
20:22:10.520806 [info ]: Finished scheduling [  0.00s]
20:22:10.521775 [debug]: Initializing schema store with entry: Frontier(CanonicalFqn { catalog: "dev", schema: "main", table: "mart_customer_revenue" }) and interval: None
20:22:10.521804 [debug]: Initializing schema store with entry: Frontier(CanonicalFqn { catalog: "dev", schema: "main", table: "stg_orders" }) and interval: None
20:22:10.748470 [info ]: Started building task graph
20:22:10.748744 [info ]: Finished building task graph [  0.00s]
20:22:10.749078 [info ]: Started rendering (7 nodes)
20:22:10.749146 [info ]: Started test main_dbt_test__audit.unique_stg_orders_order_id
20:22:10.749190 [debug]: Started rendering test main_dbt_test__audit.unique_stg_orders_order_id
20:22:10.749234 [info ]: Started test main_dbt_test__audit.unique_mart_customer_revenue_customer_id
20:22:10.749249 [debug]: Started rendering test main_dbt_test__audit.unique_mart_customer_revenue_customer_id
20:22:10.749268 [info ]: Started test main_dbt_test__audit.not_null_stg_orders_order_id
20:22:10.749280 [debug]: Started rendering test main_dbt_test__audit.not_null_stg_orders_order_id
20:22:10.749299 [info ]: Started test main_dbt_test__audit.not_null_stg_orders_customer_id
20:22:10.749310 [debug]: Started rendering test main_dbt_test__audit.not_null_stg_orders_customer_id
20:22:10.749334 [info ]: Started test main_dbt_test__audit.not_null_mart_customer_revenue_total_revenue
20:22:10.749347 [debug]: Started rendering test main_dbt_test__audit.not_null_mart_customer_revenue_total_revenue
20:22:10.749383 [info ]: Started test main_dbt_test__audit.not_null_mart_customer_revenue_customer_id
20:22:10.749396 [debug]: Started rendering test main_dbt_test__audit.not_null_mart_customer_revenue_customer_id
20:22:10.749429 [info ]: Started test main_dbt_test__audit.accepted_values_stg_orders_status__completed__cancelled__pending__error
20:22:10.749447 [debug]: Started rendering test main_dbt_test__audit.accepted_values_stg_orders_status__completed__cancelled__pending__error
20:22:10.751553 [debug]: Compiled SQL for node test.dagger_test.not_null_stg_orders_order_id.81cfe2fe64 at target/compiled/dagger_test/target/generic_tests/not_null_stg_orders_order_id.sql
20:22:10.751703 [debug]: Finished rendering [  0.00s] test main_dbt_test__audit.not_null_stg_orders_order_id [success]
20:22:10.751839 [info ]: Started analyzing (7 nodes)
20:22:10.751904 [debug]: Started analyzing test main_dbt_test__audit.not_null_stg_orders_order_id
20:22:10.752061 [debug]: Compiled SQL for node test.dagger_test.not_null_stg_orders_customer_id.af79d5e4b5 at target/compiled/dagger_test/target/generic_tests/not_null_stg_orders_customer_id.sql
20:22:10.752385 [debug]: Compiled SQL for node test.dagger_test.accepted_values_stg_orders_status__completed__cancelled__pending__error.8b16e045ff at target/compiled/dagger_test/target/generic_tests/accepted_values_stg_orders_89713fe3c990b790744203d2d83c06ca.sql
20:22:10.752437 [debug]: Compiled SQL for node test.dagger_test.unique_mart_customer_revenue_customer_id.97da55bad4 at target/compiled/dagger_test/target/generic_tests/unique_mart_customer_revenue_customer_id.sql
20:22:10.753428 [debug]: Compiled SQL for node test.dagger_test.unique_stg_orders_order_id.e3b841c71a at target/compiled/dagger_test/target/generic_tests/unique_stg_orders_order_id.sql
20:22:10.752570 [debug]: Finished rendering [  0.00s] test main_dbt_test__audit.not_null_stg_orders_customer_id [success]
20:22:10.753958 [debug]: Started analyzing test main_dbt_test__audit.not_null_stg_orders_customer_id
20:22:10.754482 [debug]: Finished rendering [  0.01s] test main_dbt_test__audit.accepted_values_stg_orders_status__completed__cancelled__pending__error [success]
20:22:10.754600 [debug]: Started analyzing test main_dbt_test__audit.accepted_values_stg_orders_status__completed__cancelled__pending__error
20:22:10.754650 [debug]: Finished rendering [  0.01s] test main_dbt_test__audit.unique_mart_customer_revenue_customer_id [success]
20:22:10.754709 [debug]: Started analyzing test main_dbt_test__audit.unique_mart_customer_revenue_customer_id
20:22:10.754760 [debug]: Compiled SQL for node test.dagger_test.not_null_mart_customer_revenue_total_revenue.fc426a5091 at target/compiled/dagger_test/target/generic_tests/not_null_mart_customer_revenue_total_revenue.sql
20:22:10.754744 [debug]: Finished rendering [  0.01s] test main_dbt_test__audit.unique_stg_orders_order_id [success]
20:22:10.754796 [debug]: Started analyzing test main_dbt_test__audit.unique_stg_orders_order_id
20:22:10.754983 [debug]: Compiled SQL for node test.dagger_test.not_null_mart_customer_revenue_customer_id.f463684890 at target/compiled/dagger_test/target/generic_tests/not_null_mart_customer_revenue_customer_id.sql
20:22:10.755111 [debug]: Finished rendering [  0.01s] test main_dbt_test__audit.not_null_mart_customer_revenue_total_revenue [success]
20:22:10.755180 [debug]: Started analyzing test main_dbt_test__audit.not_null_mart_customer_revenue_total_revenue
20:22:10.762637 [debug]: Finished analyzing [  0.01s] test main_dbt_test__audit.not_null_stg_orders_customer_id [success]
20:22:10.763436 [info ]: Started running (7 nodes)
20:22:10.763517 [info ]: Started running test main_dbt_test__audit.not_null_stg_orders_customer_id
20:22:10.763566 [debug]: Finished analyzing [  0.01s] test main_dbt_test__audit.not_null_stg_orders_order_id [success]
20:22:10.763663 [info ]: Started running test main_dbt_test__audit.not_null_stg_orders_order_id
20:22:10.763690 [debug]: Finished rendering [  0.01s] test main_dbt_test__audit.not_null_mart_customer_revenue_customer_id [success]
20:22:10.763743 [info ]: Finished rendering [  0.01s] (7 nodes, 0 skipped, 0 errors)
20:22:10.763789 [debug]: Started analyzing test main_dbt_test__audit.not_null_mart_customer_revenue_customer_id
20:22:10.764507 [debug]: Finished analyzing [  0.01s] test main_dbt_test__audit.not_null_mart_customer_revenue_total_revenue [success]
20:22:10.764632 [info ]: Started running test main_dbt_test__audit.not_null_mart_customer_revenue_total_revenue
20:22:10.764876 [debug]: Finished analyzing [  0.00s] test main_dbt_test__audit.not_null_mart_customer_revenue_customer_id [success]
20:22:10.764947 [info ]: Started running test main_dbt_test__audit.not_null_mart_customer_revenue_customer_id
20:22:10.764976 [debug]: Finished analyzing [  0.01s] test main_dbt_test__audit.unique_mart_customer_revenue_customer_id [success]
20:22:10.765025 [info ]: Started running test main_dbt_test__audit.unique_mart_customer_revenue_customer_id
20:22:10.765628 [debug]: Finished analyzing [  0.01s] test main_dbt_test__audit.unique_stg_orders_order_id [success]
20:22:10.765755 [info ]: Started running test main_dbt_test__audit.unique_stg_orders_order_id
20:22:10.765872 [debug]: Finished analyzing [  0.01s] test main_dbt_test__audit.accepted_values_stg_orders_status__completed__cancelled__pending__error [success]
20:22:10.765962 [info ]: Finished analyzing [  0.01s] (7 nodes, 0 skipped, 0 errors)
20:22:10.766001 [info ]: Started running test main_dbt_test__audit.accepted_values_stg_orders_status__completed__cancelled__pending__error
20:22:10.772261 [debug]: Writing runtime sql for node "test.dagger_test.unique_stg_orders_order_id.e3b841c71a"
20:22:10.772261 [debug]: Writing runtime sql for node "test.dagger_test.not_null_stg_orders_order_id.81cfe2fe64"
20:22:10.772261 [debug]: Writing runtime sql for node "test.dagger_test.not_null_mart_customer_revenue_customer_id.f463684890"
20:22:10.774190 [debug]: Writing runtime sql for node "test.dagger_test.not_null_stg_orders_customer_id.af79d5e4b5"
20:22:10.775741 [debug]: Writing runtime sql for node "test.dagger_test.accepted_values_stg_orders_status__completed__cancelled__pending__error.8b16e045ff"
20:22:10.776057 [debug]: Writing runtime sql for node "test.dagger_test.not_null_mart_customer_revenue_total_revenue.fc426a5091"
20:22:10.776645 [debug]: Writing runtime sql for node "test.dagger_test.unique_mart_customer_revenue_customer_id.97da55bad4"
20:22:10.823655 [debug]: Query executed on node test.dagger_test.not_null_mart_customer_revenue_total_revenue.fc426a5091:
/* {"app": "dbt", "dbt_version": "2.0.0", "node_id": "test.dagger_test.not_null_mart_customer_revenue_total_revenue.fc426a5091", "profile_name": "dagger_test", "target_name": "dev"} */

    
    select
      count(*) as failures,
      count(*) != 0 as should_warn,
      count(*) != 0 as should_error
    from (
      
    
  
    
    



select total_revenue
from "dev"."main"."mart_customer_revenue"
where total_revenue is null



  
  
      
    ) dbt_internal_test
20:22:10.824588 [debug]: Query executed on node test.dagger_test.not_null_stg_orders_order_id.81cfe2fe64:
/* {"app": "dbt", "dbt_version": "2.0.0", "node_id": "test.dagger_test.not_null_stg_orders_order_id.81cfe2fe64", "profile_name": "dagger_test", "target_name": "dev"} */

    
    select
      count(*) as failures,
      count(*) != 0 as should_warn,
      count(*) != 0 as should_error
    from (
      
    
  
    
    



select order_id
from "dev"."main"."stg_orders"
where order_id is null



  
  
      
    ) dbt_internal_test
20:22:10.824797 [debug]: Query executed on node test.dagger_test.unique_mart_customer_revenue_customer_id.97da55bad4:
/* {"app": "dbt", "dbt_version": "2.0.0", "node_id": "test.dagger_test.unique_mart_customer_revenue_customer_id.97da55bad4", "profile_name": "dagger_test", "target_name": "dev"} */

    
    select
      count(*) as failures,
      count(*) != 0 as should_warn,
      count(*) != 0 as should_error
    from (
      
    
  
    
    

select
    customer_id as unique_field,
    count(*) as n_records

from "dev"."main"."mart_customer_revenue"
where customer_id is not null
group by customer_id
having count(*) > 1



  
  
      
    ) dbt_internal_test
20:22:10.825031 [debug]: Query executed on node test.dagger_test.unique_stg_orders_order_id.e3b841c71a:
/* {"app": "dbt", "dbt_version": "2.0.0", "node_id": "test.dagger_test.unique_stg_orders_order_id.e3b841c71a", "profile_name": "dagger_test", "target_name": "dev"} */

    
    select
      count(*) as failures,
      count(*) != 0 as should_warn,
      count(*) != 0 as should_error
    from (
      
    
  
    
    

select
    order_id as unique_field,
    count(*) as n_records

from "dev"."main"."stg_orders"
where order_id is not null
group by order_id
having count(*) > 1



  
  
      
    ) dbt_internal_test
20:22:10.825683 [info ]: Finished running [  0.06s] test main_dbt_test__audit.not_null_mart_customer_revenue_total_revenue [pass]
20:22:10.825782 [debug]: Query executed on node test.dagger_test.not_null_mart_customer_revenue_customer_id.f463684890:
/* {"app": "dbt", "dbt_version": "2.0.0", "node_id": "test.dagger_test.not_null_mart_customer_revenue_customer_id.f463684890", "profile_name": "dagger_test", "target_name": "dev"} */

    
    select
      count(*) as failures,
      count(*) != 0 as should_warn,
      count(*) != 0 as should_error
    from (
      
    
  
    
    



select customer_id
from "dev"."main"."mart_customer_revenue"
where customer_id is null



  
  
      
    ) dbt_internal_test
20:22:10.825806 [info ]:     Passed [  0.07s] test  not_null_mart_customer_revenue_total_revenue
20:22:10.825946 [info ]: Finished running [  0.06s] test main_dbt_test__audit.not_null_stg_orders_order_id [pass]
20:22:10.826019 [info ]:     Passed [  0.07s] test  not_null_stg_orders_order_id
20:22:10.826130 [info ]: Finished running [  0.06s] test main_dbt_test__audit.unique_mart_customer_revenue_customer_id [pass]
20:22:10.826190 [info ]:     Passed [  0.08s] test  unique_mart_customer_revenue_customer_id
20:22:10.826412 [debug]: Query executed on node test.dagger_test.accepted_values_stg_orders_status__completed__cancelled__pending__error.8b16e045ff:
/* {"app": "dbt", "dbt_version": "2.0.0", "node_id": "test.dagger_test.accepted_values_stg_orders_status__completed__cancelled__pending__error.8b16e045ff", "profile_name": "dagger_test", "target_name": "dev"} */

    
    select
      count(*) as failures,
      count(*) != 0 as should_warn,
      count(*) != 0 as should_error
    from (
      
    
  
    
    

with all_values as (

    select
        status as value_field,
        count(*) as n_records

    from "dev"."main"."stg_orders"
    group by status

)

select *
from all_values
where value_field not in (
    'completed','cancelled','pending','error'
)



  
  
      
    ) dbt_internal_test
20:22:10.826938 [debug]: Query executed on node test.dagger_test.not_null_stg_orders_customer_id.af79d5e4b5:
/* {"app": "dbt", "dbt_version": "2.0.0", "node_id": "test.dagger_test.not_null_stg_orders_customer_id.af79d5e4b5", "profile_name": "dagger_test", "target_name": "dev"} */

    
    select
      count(*) as failures,
      count(*) != 0 as should_warn,
      count(*) != 0 as should_error
    from (
      
    
  
    
    



select customer_id
from "dev"."main"."stg_orders"
where customer_id is null



  
  
      
    ) dbt_internal_test
20:22:10.826887 [info ]: Finished running [  0.06s] test main_dbt_test__audit.unique_stg_orders_order_id [pass]
20:22:10.826983 [info ]:     Passed [  0.08s] test  unique_stg_orders_order_id
20:22:10.827099 [info ]: Finished running [  0.06s] test main_dbt_test__audit.not_null_mart_customer_revenue_customer_id [pass]
20:22:10.827162 [info ]:     Passed [  0.08s] test  not_null_mart_customer_revenue_customer_id
20:22:10.827327 [info ]: Finished running [  0.06s] test main_dbt_test__audit.accepted_values_stg_orders_status__completed__cancelled__pending__error [pass]
20:22:10.827420 [info ]:     Passed [  0.08s] test  accepted_values_stg_orders_status__completed__cancelled__pending__error
20:22:10.828214 [info ]: Finished running [  0.06s] test main_dbt_test__audit.not_null_stg_orders_customer_id [pass]
20:22:10.828326 [info ]: Finished running [  0.06s] (7 nodes, 0 skipped, 0 errors)
20:22:10.828386 [info ]:     Passed [  0.07s] test  not_null_stg_orders_customer_id
20:22:11.222346 [info ]: 
==================== Execution Summary =====================
Finished 'test' successfully for target 'dev' [842ms]
Processed: 7 tests
Summary: 7 total | 7 success
==================== 2026-09-16T20:22:22.019096Z | 01a0abe2-7c3d-7f50-80cf-2354e3f37bef ====================
20:22:22.019559 [info ]: dbt-fusion 2.0.0-preview.176
20:22:22.020584 [info ]: Started loading project
20:22:22.027106 [info ]: Loading profiles.yml
20:22:22.060180 [debug]:    Started loading packages
20:22:22.063876 [debug]:     Loaded [  0.00s] packages
20:22:22.066710 [info ]: Finished loading project [  0.05s]
20:22:22.067991 [info ]: Started parsing
20:22:22.141865 [debug]: Finished parsing models/schema.yml [  0.00s]
20:22:22.149029 [debug]: Finished parsing models/intermediate/int_customer_revenue.sql [  0.00s]
20:22:22.150272 [debug]: Finished parsing models/marts/mart_customer_revenue.sql [  0.00s]
20:22:22.151316 [debug]: Finished parsing models/staging/stg_orders.sql [  0.00s]
20:22:22.160223 [debug]: Finished parsing target/generic_tests/unique_mart_customer_revenue_customer_id.sql [  0.00s]
20:22:22.161552 [debug]: Finished parsing target/generic_tests/not_null_mart_customer_revenue_customer_id.sql [  0.00s]
20:22:22.162497 [debug]: Finished parsing target/generic_tests/not_null_mart_customer_revenue_total_revenue.sql [  0.00s]
20:22:22.163309 [debug]: Finished parsing target/generic_tests/not_null_stg_orders_customer_id.sql [  0.00s]
20:22:22.163991 [debug]: Finished parsing target/generic_tests/unique_stg_orders_order_id.sql [  0.00s]
20:22:22.164786 [debug]: Finished parsing target/generic_tests/not_null_stg_orders_order_id.sql [  0.00s]
20:22:22.165573 [debug]: Finished parsing target/generic_tests/accepted_values_stg_orders_89713fe3c990b790744203d2d83c06ca.sql [  0.00s]
20:22:22.170933 [info ]: Finished parsing [  0.10s]
20:22:22.171431 [info ]: Started scheduling
20:22:22.171837 [info ]: Finished scheduling [  0.00s]
20:22:22.412226 [info ]: Started building task graph
20:22:22.412589 [info ]: Finished building task graph [  0.00s]
20:22:22.454752 [debug]: Query executed on node unknown:
/* {"app": "dbt", "connection_name": "", "dbt_version": "2.0.0", "profile_name": "dagger_test", "target_name": "dev"} */

    
    select schema_name
    from system.information_schema.schemata
    
    where lower(catalog_name) = '"dev"'
    
  
  
20:22:22.456673 [debug]: Query executed on node unknown:
/* {"app": "dbt", "connection_name": "", "dbt_version": "2.0.0", "profile_name": "dagger_test", "target_name": "dev"} */

    
        select type from duckdb_databases()
        where lower(database_name)='dev'
        and type='sqlite'
    
  
20:22:22.457635 [debug]: Query executed on node unknown:
/* {"app": "dbt", "connection_name": "", "dbt_version": "2.0.0", "profile_name": "dagger_test", "target_name": "dev"} */

    
    
        create schema if not exists "dev"."main"
    
20:22:22.457870 [info ]: Started rendering (11 nodes)
20:22:22.457954 [info ]: Started seed main.raw_orders
20:22:22.457972 [debug]: Started rendering seed main.raw_orders
20:22:22.458089 [debug]: Finished rendering [  0.00s] seed main.raw_orders [success]
20:22:22.458159 [info ]: Started running (11 nodes)
20:22:22.458234 [info ]: Started running seed main.raw_orders
20:22:22.486375 [debug]: Query executed on node seed.dagger_test.raw_orders:
SELECT table_catalog, table_schema, table_name, table_type FROM information_schema.tables WHERE table_schema = 'main'
20:22:22.493138 [debug]: Query executed on node seed.dagger_test.raw_orders:
/* {"app": "dbt", "dbt_version": "2.0.0", "node_id": "seed.dagger_test.raw_orders", "profile_name": "dagger_test", "target_name": "dev"} */
truncate table "dev"."main"."raw_orders"
20:22:22.516664 [debug]: Query executed on node seed.dagger_test.raw_orders:

          COPY "dev"."main"."raw_orders" FROM '/home/mballo/Projets/dagger_test/seeds/raw_orders.csv' (FORMAT CSV, HEADER TRUE, DELIMITER ',')
        
20:22:22.519162 [debug]: Writing runtime SQL for node "seed.dagger_test.raw_orders"
20:22:22.522381 [info ]: Finished running [  0.06s] seed main.raw_orders [success]
20:22:22.522500 [info ]:  Succeeded [  0.06s] seed  main.raw_orders (table)
20:22:22.522608 [info ]: Started model main.stg_orders
20:22:22.522633 [debug]: Started rendering model main.stg_orders
20:22:22.523793 [debug]: Compiled SQL for node model.dagger_test.stg_orders at target/compiled/dagger_test/models/staging/stg_orders.sql
20:22:22.523956 [debug]: Finished rendering [  0.00s] model main.stg_orders [success]
20:22:22.524064 [info ]: Started analyzing (10 nodes)
20:22:22.524121 [debug]: Started analyzing model main.stg_orders
20:22:22.532571 [debug]: Finished analyzing [  0.01s] model main.stg_orders [success]
20:22:22.532700 [info ]: Started running model main.stg_orders
20:22:22.537117 [debug]: Writing runtime sql for node "model.dagger_test.stg_orders"
20:22:22.541973 [debug]: Query executed on node model.dagger_test.stg_orders:
/* {"app": "dbt", "dbt_version": "2.0.0", "node_id": "model.dagger_test.stg_orders", "profile_name": "dagger_test", "target_name": "dev"} */

  
  create view "dev"."main"."stg_orders__dbt_tmp" as (
    select
    order_id,
    customer_id,
    order_date,
    amount,
    status
from "dev"."main"."raw_orders"
  );

20:22:22.548199 [debug]: Query executed on node model.dagger_test.stg_orders:
/* {"app": "dbt", "dbt_version": "2.0.0", "node_id": "model.dagger_test.stg_orders", "profile_name": "dagger_test", "target_name": "dev"} */

      alter view "dev"."main"."stg_orders" rename to "stg_orders__dbt_backup"
    
20:22:22.554309 [debug]: Query executed on node model.dagger_test.stg_orders:
/* {"app": "dbt", "dbt_version": "2.0.0", "node_id": "model.dagger_test.stg_orders", "profile_name": "dagger_test", "target_name": "dev"} */

      alter view "dev"."main"."stg_orders__dbt_tmp" rename to "stg_orders"
    
20:22:22.561142 [debug]: Query executed on node model.dagger_test.stg_orders:
/* {"app": "dbt", "dbt_version": "2.0.0", "node_id": "model.dagger_test.stg_orders", "profile_name": "dagger_test", "target_name": "dev"} */

      drop view if exists "dev"."main"."stg_orders__dbt_backup" cascade
    
20:22:22.562388 [info ]: Finished running [  0.03s] model main.stg_orders [success]
20:22:22.562510 [info ]:  Succeeded [  0.04s] model main.stg_orders (view)
20:22:22.562607 [info ]: Started test main_dbt_test__audit.unique_stg_orders_order_id
20:22:22.562633 [debug]: Started rendering test main_dbt_test__audit.unique_stg_orders_order_id
20:22:22.562683 [info ]: Started test main_dbt_test__audit.accepted_values_stg_orders_status__completed__cancelled__pending__error
20:22:22.562703 [debug]: Started rendering test main_dbt_test__audit.accepted_values_stg_orders_status__completed__cancelled__pending__error
20:22:22.562734 [info ]: Started model main.int_customer_revenue
20:22:22.562757 [debug]: Started rendering model main.int_customer_revenue
20:22:22.562785 [info ]: Started test main_dbt_test__audit.not_null_stg_orders_order_id
20:22:22.562805 [debug]: Started rendering test main_dbt_test__audit.not_null_stg_orders_order_id
20:22:22.562827 [info ]: Started test main_dbt_test__audit.not_null_stg_orders_customer_id
20:22:22.562839 [debug]: Started rendering test main_dbt_test__audit.not_null_stg_orders_customer_id
20:22:22.563868 [debug]: Compiled SQL for node model.dagger_test.int_customer_revenue at target/compiled/dagger_test/models/intermediate/int_customer_revenue.sql
20:22:22.564070 [debug]: Finished rendering [  0.00s] model main.int_customer_revenue [success]
20:22:22.564198 [debug]: Started analyzing model main.int_customer_revenue
20:22:22.566138 [debug]: Compiled SQL for node test.dagger_test.accepted_values_stg_orders_status__completed__cancelled__pending__error.8b16e045ff at target/compiled/dagger_test/target/generic_tests/accepted_values_stg_orders_89713fe3c990b790744203d2d83c06ca.sql
20:22:22.566767 [debug]: Finished rendering [  0.00s] test main_dbt_test__audit.accepted_values_stg_orders_status__completed__cancelled__pending__error [success]
20:22:22.566924 [debug]: Started analyzing test main_dbt_test__audit.accepted_values_stg_orders_status__completed__cancelled__pending__error
20:22:22.567710 [debug]: Compiled SQL for node test.dagger_test.unique_stg_orders_order_id.e3b841c71a at target/compiled/dagger_test/target/generic_tests/unique_stg_orders_order_id.sql
20:22:22.568646 [debug]: Finished analyzing [  0.00s] model main.int_customer_revenue [success]
20:22:22.568800 [debug]: Finished rendering [  0.01s] test main_dbt_test__audit.unique_stg_orders_order_id [success]
20:22:22.568875 [debug]: Started analyzing test main_dbt_test__audit.unique_stg_orders_order_id
20:22:22.570369 [debug]: Compiled SQL for node test.dagger_test.not_null_stg_orders_order_id.81cfe2fe64 at target/compiled/dagger_test/target/generic_tests/not_null_stg_orders_order_id.sql
20:22:22.570659 [debug]: Finished rendering [  0.01s] test main_dbt_test__audit.not_null_stg_orders_order_id [success]
20:22:22.570817 [debug]: Started analyzing test main_dbt_test__audit.not_null_stg_orders_order_id
20:22:22.572219 [debug]: Finished analyzing [  0.00s] test main_dbt_test__audit.not_null_stg_orders_order_id [success]
20:22:22.572371 [info ]: Started running test main_dbt_test__audit.not_null_stg_orders_order_id
20:22:22.572579 [debug]: Finished analyzing [  0.00s] test main_dbt_test__audit.unique_stg_orders_order_id [success]
20:22:22.572687 [info ]: Started running test main_dbt_test__audit.unique_stg_orders_order_id
20:22:22.572796 [debug]: Compiled SQL for node test.dagger_test.not_null_stg_orders_customer_id.af79d5e4b5 at target/compiled/dagger_test/target/generic_tests/not_null_stg_orders_customer_id.sql
20:22:22.575522 [debug]: Finished rendering [  0.01s] test main_dbt_test__audit.not_null_stg_orders_customer_id [success]
20:22:22.575691 [debug]: Started analyzing test main_dbt_test__audit.not_null_stg_orders_customer_id
20:22:22.575320 [debug]: Writing runtime sql for node "test.dagger_test.not_null_stg_orders_order_id.81cfe2fe64"
20:22:22.576009 [debug]: Finished analyzing [  0.00s] test main_dbt_test__audit.not_null_stg_orders_customer_id [success]
20:22:22.576134 [info ]: Started running test main_dbt_test__audit.not_null_stg_orders_customer_id
20:22:22.579895 [debug]: Writing runtime sql for node "test.dagger_test.unique_stg_orders_order_id.e3b841c71a"
20:22:22.580539 [debug]: Finished analyzing [  0.01s] test main_dbt_test__audit.accepted_values_stg_orders_status__completed__cancelled__pending__error [success]
20:22:22.582051 [info ]: Started running test main_dbt_test__audit.accepted_values_stg_orders_status__completed__cancelled__pending__error
20:22:22.583595 [debug]: Query executed on node test.dagger_test.not_null_stg_orders_order_id.81cfe2fe64:
/* {"app": "dbt", "dbt_version": "2.0.0", "node_id": "test.dagger_test.not_null_stg_orders_order_id.81cfe2fe64", "profile_name": "dagger_test", "target_name": "dev"} */

    
    select
      count(*) as failures,
      count(*) != 0 as should_warn,
      count(*) != 0 as should_error
    from (
      
    
  
    
    



select order_id
from "dev"."main"."stg_orders"
where order_id is null



  
  
      
    ) dbt_internal_test
20:22:22.584934 [info ]: Finished running [  0.01s] test main_dbt_test__audit.not_null_stg_orders_order_id [pass]
20:22:22.585039 [info ]:     Passed [  0.02s] test  not_null_stg_orders_order_id
20:22:22.581747 [debug]: Writing runtime sql for node "test.dagger_test.not_null_stg_orders_customer_id.af79d5e4b5"
20:22:22.590691 [debug]: Query executed on node test.dagger_test.unique_stg_orders_order_id.e3b841c71a:
/* {"app": "dbt", "dbt_version": "2.0.0", "node_id": "test.dagger_test.unique_stg_orders_order_id.e3b841c71a", "profile_name": "dagger_test", "target_name": "dev"} */

    
    select
      count(*) as failures,
      count(*) != 0 as should_warn,
      count(*) != 0 as should_error
    from (
      
    
  
    
    

select
    order_id as unique_field,
    count(*) as n_records

from "dev"."main"."stg_orders"
where order_id is not null
group by order_id
having count(*) > 1



  
  
      
    ) dbt_internal_test
20:22:22.588925 [debug]: Writing runtime sql for node "test.dagger_test.accepted_values_stg_orders_status__completed__cancelled__pending__error.8b16e045ff"
20:22:22.591960 [info ]: Finished running [  0.02s] test main_dbt_test__audit.unique_stg_orders_order_id [pass]
20:22:22.592068 [info ]:     Passed [  0.03s] test  unique_stg_orders_order_id
20:22:22.595178 [debug]: Query executed on node test.dagger_test.not_null_stg_orders_customer_id.af79d5e4b5:
/* {"app": "dbt", "dbt_version": "2.0.0", "node_id": "test.dagger_test.not_null_stg_orders_customer_id.af79d5e4b5", "profile_name": "dagger_test", "target_name": "dev"} */

    
    select
      count(*) as failures,
      count(*) != 0 as should_warn,
      count(*) != 0 as should_error
    from (
      
    
  
    
    



select customer_id
from "dev"."main"."stg_orders"
where customer_id is null



  
  
      
    ) dbt_internal_test
20:22:22.597549 [info ]: Finished running [  0.02s] test main_dbt_test__audit.not_null_stg_orders_customer_id [pass]
20:22:22.597634 [info ]:     Passed [  0.03s] test  not_null_stg_orders_customer_id
20:22:22.598926 [debug]: Query executed on node test.dagger_test.accepted_values_stg_orders_status__completed__cancelled__pending__error.8b16e045ff:
/* {"app": "dbt", "dbt_version": "2.0.0", "node_id": "test.dagger_test.accepted_values_stg_orders_status__completed__cancelled__pending__error.8b16e045ff", "profile_name": "dagger_test", "target_name": "dev"} */

    
    select
      count(*) as failures,
      count(*) != 0 as should_warn,
      count(*) != 0 as should_error
    from (
      
    
  
    
    

with all_values as (

    select
        status as value_field,
        count(*) as n_records

    from "dev"."main"."stg_orders"
    group by status

)

select *
from all_values
where value_field not in (
    'completed','cancelled','pending','error'
)



  
  
      
    ) dbt_internal_test
20:22:22.600324 [info ]: Finished running [  0.02s] test main_dbt_test__audit.accepted_values_stg_orders_status__completed__cancelled__pending__error [pass]
20:22:22.600450 [info ]:     Passed [  0.04s] test  accepted_values_stg_orders_status__completed__cancelled__pending__error
20:22:22.600567 [info ]: Started running model main.int_customer_revenue
20:22:22.604831 [debug]: Writing runtime sql for node "model.dagger_test.int_customer_revenue"
20:22:22.611507 [debug]: Query executed on node model.dagger_test.int_customer_revenue:
/* {"app": "dbt", "dbt_version": "2.0.0", "node_id": "model.dagger_test.int_customer_revenue", "profile_name": "dagger_test", "target_name": "dev"} */

  
  create view "dev"."main"."int_customer_revenue__dbt_tmp" as (
    select
    order_id,
    customer_id,
    order_date,
    amount,
    sum(amount) over (partition by customer_id order by order_date) as cumulative_revenue,
    status
from "dev"."main"."stg_orders"
  );

20:22:22.617466 [debug]: Query executed on node model.dagger_test.int_customer_revenue:
/* {"app": "dbt", "dbt_version": "2.0.0", "node_id": "model.dagger_test.int_customer_revenue", "profile_name": "dagger_test", "target_name": "dev"} */

      alter view "dev"."main"."int_customer_revenue" rename to "int_customer_revenue__dbt_backup"
    
20:22:22.622552 [debug]: Query executed on node model.dagger_test.int_customer_revenue:
/* {"app": "dbt", "dbt_version": "2.0.0", "node_id": "model.dagger_test.int_customer_revenue", "profile_name": "dagger_test", "target_name": "dev"} */

      alter view "dev"."main"."int_customer_revenue__dbt_tmp" rename to "int_customer_revenue"
    
20:22:22.630326 [debug]: Query executed on node model.dagger_test.int_customer_revenue:
/* {"app": "dbt", "dbt_version": "2.0.0", "node_id": "model.dagger_test.int_customer_revenue", "profile_name": "dagger_test", "target_name": "dev"} */

      drop view if exists "dev"."main"."int_customer_revenue__dbt_backup" cascade
    
20:22:22.631539 [info ]: Finished running [  0.03s] model main.int_customer_revenue [success]
20:22:22.631715 [info ]:  Succeeded [  0.04s] model main.int_customer_revenue (view)
20:22:22.631838 [info ]: Started model main.mart_customer_revenue
20:22:22.631860 [debug]: Started rendering model main.mart_customer_revenue
20:22:22.632856 [debug]: Compiled SQL for node model.dagger_test.mart_customer_revenue at target/compiled/dagger_test/models/marts/mart_customer_revenue.sql
20:22:22.633021 [debug]: Finished rendering [  0.00s] model main.mart_customer_revenue [success]
20:22:22.633102 [debug]: Started analyzing model main.mart_customer_revenue
20:22:22.634996 [debug]: Finished analyzing [  0.00s] model main.mart_customer_revenue [success]
20:22:22.635089 [info ]: Started running model main.mart_customer_revenue
20:22:22.640067 [debug]: Writing runtime sql for node "model.dagger_test.mart_customer_revenue"
20:22:22.659533 [debug]: Query executed on node model.dagger_test.mart_customer_revenue:
/* {"app": "dbt", "dbt_version": "2.0.0", "node_id": "model.dagger_test.mart_customer_revenue", "profile_name": "dagger_test", "target_name": "dev"} */

  
    
    

    create  table
      "dev"."main"."mart_customer_revenue__dbt_tmp"
  
    as (
      select
    customer_id,
    count(*) as nb_orders,
    max(cumulative_revenue) as max_revenue
from "dev"."main"."int_customer_revenue"
where status = 'completed'
group by customer_id
    );
  
  
20:22:22.665083 [debug]: Query executed on node model.dagger_test.mart_customer_revenue:
/* {"app": "dbt", "dbt_version": "2.0.0", "node_id": "model.dagger_test.mart_customer_revenue", "profile_name": "dagger_test", "target_name": "dev"} */

    SELECT index_name
    FROM duckdb_indexes()
    WHERE schema_name = 'main'
      AND table_name = 'mart_customer_revenue'
  
20:22:22.669337 [debug]: Query executed on node model.dagger_test.mart_customer_revenue:
/* {"app": "dbt", "dbt_version": "2.0.0", "node_id": "model.dagger_test.mart_customer_revenue", "profile_name": "dagger_test", "target_name": "dev"} */

    SELECT COUNT(*) as remaining_indexes
    FROM duckdb_indexes()
    WHERE schema_name = 'main'
      AND table_name = 'mart_customer_revenue'
  
20:22:22.678287 [debug]: Query executed on node model.dagger_test.mart_customer_revenue:
/* {"app": "dbt", "dbt_version": "2.0.0", "node_id": "model.dagger_test.mart_customer_revenue", "profile_name": "dagger_test", "target_name": "dev"} */

      alter table "dev"."main"."mart_customer_revenue" rename to "mart_customer_revenue__dbt_backup"
    
20:22:22.684005 [debug]: Query executed on node model.dagger_test.mart_customer_revenue:
/* {"app": "dbt", "dbt_version": "2.0.0", "node_id": "model.dagger_test.mart_customer_revenue", "profile_name": "dagger_test", "target_name": "dev"} */

      alter table "dev"."main"."mart_customer_revenue__dbt_tmp" rename to "mart_customer_revenue"
    
20:22:22.691850 [debug]: Query executed on node model.dagger_test.mart_customer_revenue:
/* {"app": "dbt", "dbt_version": "2.0.0", "node_id": "model.dagger_test.mart_customer_revenue", "profile_name": "dagger_test", "target_name": "dev"} */

      drop table if exists "dev"."main"."mart_customer_revenue__dbt_backup" cascade
    
20:22:22.693106 [info ]: Finished running [  0.06s] model main.mart_customer_revenue [success]
20:22:22.693285 [info ]:  Succeeded [  0.06s] model main.mart_customer_revenue (table)
20:22:22.693409 [info ]: Started test main_dbt_test__audit.unique_mart_customer_revenue_customer_id
20:22:22.693433 [debug]: Started rendering test main_dbt_test__audit.unique_mart_customer_revenue_customer_id
20:22:22.693469 [info ]: Started test main_dbt_test__audit.not_null_mart_customer_revenue_total_revenue
20:22:22.693486 [debug]: Started rendering test main_dbt_test__audit.not_null_mart_customer_revenue_total_revenue
20:22:22.693513 [info ]: Started test main_dbt_test__audit.not_null_mart_customer_revenue_customer_id
20:22:22.693526 [debug]: Started rendering test main_dbt_test__audit.not_null_mart_customer_revenue_customer_id
20:22:22.695156 [debug]: Compiled SQL for node test.dagger_test.unique_mart_customer_revenue_customer_id.97da55bad4 at target/compiled/dagger_test/target/generic_tests/unique_mart_customer_revenue_customer_id.sql
20:22:22.695203 [debug]: Compiled SQL for node test.dagger_test.not_null_mart_customer_revenue_customer_id.f463684890 at target/compiled/dagger_test/target/generic_tests/not_null_mart_customer_revenue_customer_id.sql
20:22:22.695326 [debug]: Finished rendering [  0.00s] test main_dbt_test__audit.unique_mart_customer_revenue_customer_id [success]
20:22:22.695425 [debug]: Started analyzing test main_dbt_test__audit.unique_mart_customer_revenue_customer_id
20:22:22.696166 [debug]: Finished analyzing [  0.00s] test main_dbt_test__audit.unique_mart_customer_revenue_customer_id [success]
20:22:22.696233 [info ]: Started running test main_dbt_test__audit.unique_mart_customer_revenue_customer_id
20:22:22.696331 [debug]: Finished rendering [  0.00s] test main_dbt_test__audit.not_null_mart_customer_revenue_customer_id [success]
20:22:22.696387 [debug]: Started analyzing test main_dbt_test__audit.not_null_mart_customer_revenue_customer_id
20:22:22.696578 [debug]: Finished analyzing [  0.00s] test main_dbt_test__audit.not_null_mart_customer_revenue_customer_id [success]
20:22:22.696622 [info ]: Started running test main_dbt_test__audit.not_null_mart_customer_revenue_customer_id
20:22:22.696646 [debug]: Compiled SQL for node test.dagger_test.not_null_mart_customer_revenue_total_revenue.fc426a5091 at target/compiled/dagger_test/target/generic_tests/not_null_mart_customer_revenue_total_revenue.sql
20:22:22.698466 [debug]: Finished rendering [  0.00s] test main_dbt_test__audit.not_null_mart_customer_revenue_total_revenue [success]
20:22:22.698587 [info ]: Finished rendering [  0.24s] (11 nodes, 0 skipped, 0 errors)
20:22:22.698715 [debug]: Started analyzing test main_dbt_test__audit.not_null_mart_customer_revenue_total_revenue
20:22:22.699070 [debug]: Finished analyzing [  0.00s] test main_dbt_test__audit.not_null_mart_customer_revenue_total_revenue [success]
20:22:22.699162 [info ]: Finished analyzing [  0.18s] (10 nodes, 0 skipped, 0 errors)
20:22:22.699279 [info ]: Started running test main_dbt_test__audit.not_null_mart_customer_revenue_total_revenue
20:22:22.708796 [debug]: Writing runtime sql for node "test.dagger_test.unique_mart_customer_revenue_customer_id.97da55bad4"
20:22:22.710621 [debug]: Writing runtime sql for node "test.dagger_test.not_null_mart_customer_revenue_customer_id.f463684890"
20:22:22.712873 [debug]: Writing runtime sql for node "test.dagger_test.not_null_mart_customer_revenue_total_revenue.fc426a5091"
20:22:22.714740 [debug]: Query executed on node test.dagger_test.not_null_mart_customer_revenue_customer_id.f463684890:
/* {"app": "dbt", "dbt_version": "2.0.0", "node_id": "test.dagger_test.not_null_mart_customer_revenue_customer_id.f463684890", "profile_name": "dagger_test", "target_name": "dev"} */

    
    select
      count(*) as failures,
      count(*) != 0 as should_warn,
      count(*) != 0 as should_error
    from (
      
    
  
    
    



select customer_id
from "dev"."main"."mart_customer_revenue"
where customer_id is null



  
  
      
    ) dbt_internal_test
20:22:22.715921 [info ]: Finished running [  0.02s] test main_dbt_test__audit.not_null_mart_customer_revenue_customer_id [pass]
20:22:22.716048 [info ]:     Passed [  0.02s] test  not_null_mart_customer_revenue_customer_id
20:22:22.716588 [debug]: Query executed on node test.dagger_test.unique_mart_customer_revenue_customer_id.97da55bad4:
/* {"app": "dbt", "dbt_version": "2.0.0", "node_id": "test.dagger_test.unique_mart_customer_revenue_customer_id.97da55bad4", "profile_name": "dagger_test", "target_name": "dev"} */

    
    select
      count(*) as failures,
      count(*) != 0 as should_warn,
      count(*) != 0 as should_error
    from (
      
    
  
    
    

select
    customer_id as unique_field,
    count(*) as n_records

from "dev"."main"."mart_customer_revenue"
where customer_id is not null
group by customer_id
having count(*) > 1



  
  
      
    ) dbt_internal_test
20:22:22.718338 [info ]: Finished running [  0.02s] test main_dbt_test__audit.unique_mart_customer_revenue_customer_id [pass]
20:22:22.718482 [info ]:     Passed [  0.02s] test  unique_mart_customer_revenue_customer_id
20:22:22.721868 [debug]: Query executed on node test.dagger_test.not_null_mart_customer_revenue_total_revenue.fc426a5091:
/* {"app": "dbt", "dbt_version": "2.0.0", "node_id": "test.dagger_test.not_null_mart_customer_revenue_total_revenue.fc426a5091", "profile_name": "dagger_test", "target_name": "dev"} */

    
    select
      count(*) as failures,
      count(*) != 0 as should_warn,
      count(*) != 0 as should_error
    from (
      
    
  
    
    



select total_revenue
from "dev"."main"."mart_customer_revenue"
where total_revenue is null



  
  
      
    ) dbt_internal_test
20:22:23.722737 [error]: Error materializing test test.dagger_test.not_null_mart_customer_revenue_total_revenue.fc426a5091 (target/run/dagger_test/target/generic_tests/not_null_mart_customer_revenue_total_revenue.sql)
  Binder Error: Referenced column "total_revenue" not found in FROM clause!
  Candidate bindings: "max_revenue", "customer_id", "nb_orders"
  
  LINE 19: where total_revenue is null
                 ^
  (in compiled/dagger_test/target/generic_tests/not_null_mart_customer_revenue_total_revenue.sql:1:1). Treating as failing test.
20:22:23.723787 [info ]: Finished running [  1.02s] test main_dbt_test__audit.not_null_mart_customer_revenue_total_revenue [fail]
20:22:23.724890 [info ]: Finished running [  1.27s] (11 nodes, 0 skipped, 1 errors)
20:22:23.725235 [info ]:     Failed [  1.03s] test  not_null_mart_customer_revenue_total_revenue (models/schema.yml:27:13)
20:22:23.889398 [info ]: 
==================== Execution Summary =====================
Finished 'build' with 2 errors for target 'dev' [1.9s]
Processed: 3 models | 7 tests | 1 seed
Summary: 11 total | 10 success | 1 error
==================== 2026-09-16T20:23:52.525828Z | 01a0abe3-ddc6-74c3-8a02-1fb185301d59 ====================
20:23:52.526210 [info ]: dbt-fusion 2.0.0-preview.176
20:23:52.527263 [info ]: Started loading project
20:23:52.531094 [info ]: Loading profiles.yml
20:23:52.563634 [debug]:    Started loading packages
20:23:52.567340 [debug]:     Loaded [  0.00s] packages
20:23:52.570538 [info ]: Finished loading project [  0.04s]
20:23:52.571849 [info ]: Started parsing
20:23:52.653262 [debug]: Finished parsing models/schema.yml [  0.00s]
20:23:52.658743 [debug]: Finished parsing models/intermediate/int_customer_revenue.sql [  0.00s]
20:23:52.659601 [debug]: Finished parsing models/marts/mart_customer_revenue.sql [  0.00s]
20:23:52.660475 [debug]: Finished parsing models/staging/stg_orders.sql [  0.00s]
20:23:52.667628 [debug]: Finished parsing target/generic_tests/unique_mart_customer_revenue_customer_id.sql [  0.00s]
20:23:52.668587 [debug]: Finished parsing target/generic_tests/not_null_mart_customer_revenue_customer_id.sql [  0.00s]
20:23:52.669639 [debug]: Finished parsing target/generic_tests/not_null_mart_customer_revenue_max_revenue.sql [  0.00s]
20:23:52.670497 [error]: dbt1501: Failed to render SQL unknown function: Jinja macro or function `test_is_greater_than` is unknown
(in target/generic_tests/is_greater_than_mart_customer_revenue_max_revenue__0.sql:1:1)
  --> target/generic_tests/is_greater_than_mart_customer_revenue_max_revenue__0.sql:1:1
20:23:52.670580 [debug]: Finished parsing target/generic_tests/is_greater_than_mart_customer_revenue_max_revenue__0.sql [  0.00s]
20:23:52.671338 [debug]: Finished parsing target/generic_tests/not_null_stg_orders_customer_id.sql [  0.00s]
20:23:52.672202 [debug]: Finished parsing target/generic_tests/unique_stg_orders_order_id.sql [  0.00s]
20:23:52.672930 [debug]: Finished parsing target/generic_tests/not_null_stg_orders_order_id.sql [  0.00s]
20:23:52.673628 [debug]: Finished parsing target/generic_tests/accepted_values_stg_orders_89713fe3c990b790744203d2d83c06ca.sql [  0.00s]
20:23:52.679785 [info ]: Finished parsing [  0.11s]
20:23:53.472616 [info ]: 
==================== Execution Summary =====================
Finished 'build' with 1 error for target 'dev' [946ms]
==================== 2026-09-16T20:27:15.572162Z | 01a0abe6-f6ee-7c00-ba5f-87d01a95735f ====================
20:27:15.572679 [info ]: dbt-fusion 2.0.0-preview.176
20:27:15.573858 [info ]: Started loading project
20:27:15.577728 [info ]: Loading profiles.yml
20:27:15.612280 [info ]: Loading packages.yml
20:27:15.613285 [debug]:    Started loading packages
20:27:15.621242 [debug]:     Loaded [  0.01s] packages
20:27:15.624149 [info ]: Finished loading project [  0.05s]
20:27:15.625679 [info ]: Started parsing
20:27:15.730504 [debug]: Finished parsing models/schema.yml [  0.00s]
20:27:15.733711 [debug]: Finished parsing models/intermediate/int_customer_revenue.sql [  0.00s]
20:27:15.735171 [debug]: Finished parsing models/marts/mart_customer_revenue.sql [  0.00s]
20:27:15.736403 [debug]: Finished parsing models/staging/stg_orders.sql [  0.00s]
20:27:15.739931 [error]: dbt1159: Deprecated test arguments: ["expression"] at top-level detected. Please migrate to the new format under the 'arguments' field: https://docs.getdbt.com/reference/deprecations#missingargumentspropertyingenerictestdeprecation.
  --> models/schema.yml:29:27
20:27:15.745032 [debug]: Finished parsing target/generic_tests/unique_mart_customer_revenue_customer_id.sql [  0.00s]
20:27:15.746426 [debug]: Finished parsing target/generic_tests/not_null_mart_customer_revenue_customer_id.sql [  0.00s]
20:27:15.747519 [debug]: Finished parsing target/generic_tests/not_null_mart_customer_revenue_max_revenue.sql [  0.00s]
20:27:15.748413 [debug]: Finished parsing target/generic_tests/dbt_utils_expression_is_true_m_528c637672672033793ae055aa8d8d9c.sql [  0.00s]
20:27:15.749281 [debug]: Finished parsing target/generic_tests/not_null_stg_orders_customer_id.sql [  0.00s]
20:27:15.750059 [debug]: Finished parsing target/generic_tests/unique_stg_orders_order_id.sql [  0.00s]
20:27:15.750845 [debug]: Finished parsing target/generic_tests/not_null_stg_orders_order_id.sql [  0.00s]
20:27:15.751574 [debug]: Finished parsing target/generic_tests/accepted_values_stg_orders_89713fe3c990b790744203d2d83c06ca.sql [  0.00s]
20:27:15.758447 [info ]: Finished parsing [  0.13s]
20:27:17.185462 [info ]: suggestion: Run 'dbt deps' to see the latest fusion compatible packages. For compatibility errors, try the autofix script: https://github.com/dbt-labs/dbt-autofix
20:27:17.185462 [info ]: 
==================== Execution Summary =====================
Finished 'build' with 1 error for target 'dev' [1.6s]
==================== 2026-09-16T20:27:29.543940Z | 01a0abe7-2d81-7b53-b2b5-8109b435d7d5 ====================
20:27:29.544464 [info ]: dbt-fusion 2.0.0-preview.176
20:27:29.585620 [info ]: Loading packages.yml
20:27:29.585879 [info ]: Installing packages
20:27:29.624235 [info ]: Installing dbt-labs/dbt_utils
20:27:30.040150 [info ]: Updated version available for dbt_utils@1.3.0: 1.4.1
20:27:30.540212 [info ]:  Installed dbt-labs/dbt_utils: 1.3.0
20:27:30.540372 [info ]:  Installed 1 package
20:27:30.607156 [info ]: 
==================== Execution Summary =====================
Finished 'deps' successfully [1.1s]
==================== 2026-09-16T20:27:43.077872Z | 01a0abe7-625f-7070-a290-d68ad32ac82a ====================
20:27:43.078323 [info ]: dbt-fusion 2.0.0-preview.176
20:27:43.085692 [info ]: Started loading project
20:27:43.091619 [info ]: Loading profiles.yml
20:27:43.121475 [info ]: Loading packages.yml
20:27:43.121850 [debug]:    Started loading packages
20:27:43.128059 [debug]:     Loaded [  0.01s] packages
20:27:43.129879 [info ]: Finished loading project [  0.04s]
20:27:43.130730 [info ]: Started parsing
20:27:43.215229 [debug]: Finished parsing models/schema.yml [  0.00s]
20:27:43.218381 [debug]: Finished parsing models/intermediate/int_customer_revenue.sql [  0.00s]
20:27:43.219382 [debug]: Finished parsing models/marts/mart_customer_revenue.sql [  0.00s]
20:27:43.220222 [debug]: Finished parsing models/staging/stg_orders.sql [  0.00s]
20:27:43.223322 [error]: dbt1159: Deprecated test arguments: ["expression"] at top-level detected. Please migrate to the new format under the 'arguments' field: https://docs.getdbt.com/reference/deprecations#missingargumentspropertyingenerictestdeprecation.
  --> models/schema.yml:29:27
20:27:43.227213 [debug]: Finished parsing target/generic_tests/unique_mart_customer_revenue_customer_id.sql [  0.00s]
20:27:43.228078 [debug]: Finished parsing target/generic_tests/not_null_mart_customer_revenue_customer_id.sql [  0.00s]
20:27:43.228945 [debug]: Finished parsing target/generic_tests/not_null_mart_customer_revenue_max_revenue.sql [  0.00s]
20:27:43.229739 [debug]: Finished parsing target/generic_tests/dbt_utils_expression_is_true_m_528c637672672033793ae055aa8d8d9c.sql [  0.00s]
20:27:43.230500 [debug]: Finished parsing target/generic_tests/not_null_stg_orders_customer_id.sql [  0.00s]
20:27:43.231223 [debug]: Finished parsing target/generic_tests/unique_stg_orders_order_id.sql [  0.00s]
20:27:43.231963 [debug]: Finished parsing target/generic_tests/not_null_stg_orders_order_id.sql [  0.00s]
20:27:43.232714 [debug]: Finished parsing target/generic_tests/accepted_values_stg_orders_89713fe3c990b790744203d2d83c06ca.sql [  0.00s]
20:27:43.239287 [info ]: Finished parsing [  0.11s]
20:27:43.761239 [info ]: suggestion: Run 'dbt deps' to see the latest fusion compatible packages. For compatibility errors, try the autofix script: https://github.com/dbt-labs/dbt-autofix
20:27:43.761239 [info ]: 
==================== Execution Summary =====================
Finished 'build' with 1 error for target 'dev' [683ms]
==================== 2026-09-16T20:28:28.849593Z | 01a0abe8-152d-79d1-bcf1-e5ff5f4ec12a ====================
20:28:28.849941 [info ]: dbt-fusion 2.0.0-preview.176
20:28:28.850806 [info ]: Started loading project
20:28:28.853656 [info ]: Loading profiles.yml
20:28:28.882854 [info ]: Loading packages.yml
20:28:28.883220 [debug]:    Started loading packages
20:28:28.890888 [debug]:     Loaded [  0.01s] packages
20:28:28.896042 [info ]: Finished loading project [  0.05s]
20:28:28.897043 [info ]: Started parsing
20:28:28.986105 [debug]: Finished parsing models/schema.yml [  0.00s]
20:28:28.990040 [debug]: Finished parsing models/intermediate/int_customer_revenue.sql [  0.00s]
20:28:28.991529 [debug]: Finished parsing models/marts/mart_customer_revenue.sql [  0.00s]
20:28:28.992637 [debug]: Finished parsing models/staging/stg_orders.sql [  0.00s]
20:28:29.000842 [debug]: Finished parsing target/generic_tests/unique_mart_customer_revenue_customer_id.sql [  0.00s]
20:28:29.001751 [debug]: Finished parsing target/generic_tests/not_null_mart_customer_revenue_customer_id.sql [  0.00s]
20:28:29.002660 [debug]: Finished parsing target/generic_tests/not_null_mart_customer_revenue_max_revenue.sql [  0.00s]
20:28:29.003562 [debug]: Finished parsing target/generic_tests/dbt_utils_expression_is_true_m_528c637672672033793ae055aa8d8d9c.sql [  0.00s]
20:28:29.004465 [debug]: Finished parsing target/generic_tests/not_null_stg_orders_customer_id.sql [  0.00s]
20:28:29.005371 [debug]: Finished parsing target/generic_tests/unique_stg_orders_order_id.sql [  0.00s]
20:28:29.006160 [debug]: Finished parsing target/generic_tests/not_null_stg_orders_order_id.sql [  0.00s]
20:28:29.006957 [debug]: Finished parsing target/generic_tests/accepted_values_stg_orders_89713fe3c990b790744203d2d83c06ca.sql [  0.00s]
20:28:29.013655 [info ]: Finished parsing [  0.12s]
20:28:29.014221 [info ]: Started scheduling
20:28:29.014579 [info ]: Finished scheduling [  0.00s]
20:28:29.315775 [info ]: Started building task graph
20:28:29.316167 [info ]: Finished building task graph [  0.00s]
20:28:29.377463 [debug]: Query executed on node unknown:
/* {"app": "dbt", "connection_name": "", "dbt_version": "2.0.0", "profile_name": "dagger_test", "target_name": "dev"} */

    
    select schema_name
    from system.information_schema.schemata
    
    where lower(catalog_name) = '"dev"'
    
  
  
20:28:29.380183 [debug]: Query executed on node unknown:
/* {"app": "dbt", "connection_name": "", "dbt_version": "2.0.0", "profile_name": "dagger_test", "target_name": "dev"} */

    
        select type from duckdb_databases()
        where lower(database_name)='dev'
        and type='sqlite'
    
  
20:28:29.381632 [debug]: Query executed on node unknown:
/* {"app": "dbt", "connection_name": "", "dbt_version": "2.0.0", "profile_name": "dagger_test", "target_name": "dev"} */

    
    
        create schema if not exists "dev"."main"
    
20:28:29.381981 [info ]: Started rendering (12 nodes)
20:28:29.382090 [info ]: Started seed main.raw_orders
20:28:29.382119 [debug]: Started rendering seed main.raw_orders
20:28:29.382244 [debug]: Finished rendering [  0.00s] seed main.raw_orders [success]
20:28:29.382330 [info ]: Started running (12 nodes)
20:28:29.382396 [info ]: Started running seed main.raw_orders
20:28:29.421102 [debug]: Query executed on node seed.dagger_test.raw_orders:
SELECT table_catalog, table_schema, table_name, table_type FROM information_schema.tables WHERE table_schema = 'main'
20:28:29.431919 [debug]: Query executed on node seed.dagger_test.raw_orders:
/* {"app": "dbt", "dbt_version": "2.0.0", "node_id": "seed.dagger_test.raw_orders", "profile_name": "dagger_test", "target_name": "dev"} */
truncate table "dev"."main"."raw_orders"
20:28:29.453003 [debug]: Query executed on node seed.dagger_test.raw_orders:

          COPY "dev"."main"."raw_orders" FROM '/home/mballo/Projets/dagger_test/seeds/raw_orders.csv' (FORMAT CSV, HEADER TRUE, DELIMITER ',')
        
20:28:29.454764 [debug]: Writing runtime SQL for node "seed.dagger_test.raw_orders"
20:28:29.456953 [info ]: Finished running [  0.07s] seed main.raw_orders [success]
20:28:29.457071 [info ]:  Succeeded [  0.07s] seed  main.raw_orders (table)
20:28:29.457165 [info ]: Started model main.stg_orders
20:28:29.457191 [debug]: Started rendering model main.stg_orders
20:28:29.458293 [debug]: Compiled SQL for node model.dagger_test.stg_orders at target/compiled/dagger_test/models/staging/stg_orders.sql
20:28:29.458495 [debug]: Finished rendering [  0.00s] model main.stg_orders [success]
20:28:29.458618 [info ]: Started analyzing (11 nodes)
20:28:29.458691 [debug]: Started analyzing model main.stg_orders
20:28:29.472313 [debug]: Finished analyzing [  0.01s] model main.stg_orders [success]
20:28:29.472570 [info ]: Started running model main.stg_orders
20:28:29.480166 [debug]: Writing runtime sql for node "model.dagger_test.stg_orders"
20:28:29.490226 [debug]: Query executed on node model.dagger_test.stg_orders:
/* {"app": "dbt", "dbt_version": "2.0.0", "node_id": "model.dagger_test.stg_orders", "profile_name": "dagger_test", "target_name": "dev"} */

  
  create view "dev"."main"."stg_orders__dbt_tmp" as (
    select
    order_id,
    customer_id,
    order_date,
    amount,
    status
from "dev"."main"."raw_orders"
  );

20:28:29.501425 [debug]: Query executed on node model.dagger_test.stg_orders:
/* {"app": "dbt", "dbt_version": "2.0.0", "node_id": "model.dagger_test.stg_orders", "profile_name": "dagger_test", "target_name": "dev"} */

      alter view "dev"."main"."stg_orders" rename to "stg_orders__dbt_backup"
    
20:28:29.515279 [debug]: Query executed on node model.dagger_test.stg_orders:
/* {"app": "dbt", "dbt_version": "2.0.0", "node_id": "model.dagger_test.stg_orders", "profile_name": "dagger_test", "target_name": "dev"} */

      alter view "dev"."main"."stg_orders__dbt_tmp" rename to "stg_orders"
    
20:28:29.533342 [debug]: Query executed on node model.dagger_test.stg_orders:
/* {"app": "dbt", "dbt_version": "2.0.0", "node_id": "model.dagger_test.stg_orders", "profile_name": "dagger_test", "target_name": "dev"} */

      drop view if exists "dev"."main"."stg_orders__dbt_backup" cascade
    
20:28:29.536075 [info ]: Finished running [  0.06s] model main.stg_orders [success]
20:28:29.536405 [info ]:  Succeeded [  0.08s] model main.stg_orders (view)
20:28:29.536698 [info ]: Started test main_dbt_test__audit.accepted_values_stg_orders_status__completed__cancelled__pending__error
20:28:29.536774 [debug]: Started rendering test main_dbt_test__audit.accepted_values_stg_orders_status__completed__cancelled__pending__error
20:28:29.536990 [info ]: Started model main.int_customer_revenue
20:28:29.537037 [debug]: Started rendering model main.int_customer_revenue
20:28:29.537108 [info ]: Started test main_dbt_test__audit.not_null_stg_orders_customer_id
20:28:29.537148 [debug]: Started rendering test main_dbt_test__audit.not_null_stg_orders_customer_id
20:28:29.537211 [info ]: Started test main_dbt_test__audit.unique_stg_orders_order_id
20:28:29.537251 [debug]: Started rendering test main_dbt_test__audit.unique_stg_orders_order_id
20:28:29.537311 [info ]: Started test main_dbt_test__audit.not_null_stg_orders_order_id
20:28:29.537346 [debug]: Started rendering test main_dbt_test__audit.not_null_stg_orders_order_id
20:28:29.542194 [debug]: Compiled SQL for node test.dagger_test.accepted_values_stg_orders_status__completed__cancelled__pending__error.8b16e045ff at target/compiled/dagger_test/target/generic_tests/accepted_values_stg_orders_89713fe3c990b790744203d2d83c06ca.sql
20:28:29.542753 [debug]: Compiled SQL for node test.dagger_test.unique_stg_orders_order_id.e3b841c71a at target/compiled/dagger_test/target/generic_tests/unique_stg_orders_order_id.sql
20:28:29.543271 [debug]: Compiled SQL for node model.dagger_test.int_customer_revenue at target/compiled/dagger_test/models/intermediate/int_customer_revenue.sql
20:28:29.544556 [debug]: Finished rendering [  0.01s] test main_dbt_test__audit.unique_stg_orders_order_id [success]
20:28:29.544911 [debug]: Started analyzing test main_dbt_test__audit.unique_stg_orders_order_id
20:28:29.545019 [debug]: Finished rendering [  0.01s] model main.int_customer_revenue [success]
20:28:29.545227 [debug]: Started analyzing model main.int_customer_revenue
20:28:29.545295 [debug]: Finished rendering [  0.01s] test main_dbt_test__audit.accepted_values_stg_orders_status__completed__cancelled__pending__error [success]
20:28:29.545535 [debug]: Started analyzing test main_dbt_test__audit.accepted_values_stg_orders_status__completed__cancelled__pending__error
20:28:29.548578 [debug]: Compiled SQL for node test.dagger_test.not_null_stg_orders_customer_id.af79d5e4b5 at target/compiled/dagger_test/target/generic_tests/not_null_stg_orders_customer_id.sql
20:28:29.548682 [debug]: Compiled SQL for node test.dagger_test.not_null_stg_orders_order_id.81cfe2fe64 at target/compiled/dagger_test/target/generic_tests/not_null_stg_orders_order_id.sql
20:28:29.549775 [debug]: Finished rendering [  0.01s] test main_dbt_test__audit.not_null_stg_orders_customer_id [success]
20:28:29.550146 [debug]: Started analyzing test main_dbt_test__audit.not_null_stg_orders_customer_id
20:28:29.556254 [debug]: Finished analyzing [  0.01s] test main_dbt_test__audit.not_null_stg_orders_customer_id [success]
20:28:29.556709 [info ]: Started running test main_dbt_test__audit.not_null_stg_orders_customer_id
20:28:29.556918 [debug]: Finished rendering [  0.02s] test main_dbt_test__audit.not_null_stg_orders_order_id [success]
20:28:29.559592 [debug]: Started analyzing test main_dbt_test__audit.not_null_stg_orders_order_id
20:28:29.560183 [debug]: Finished analyzing [  0.00s] test main_dbt_test__audit.not_null_stg_orders_order_id [success]
20:28:29.560572 [info ]: Started running test main_dbt_test__audit.not_null_stg_orders_order_id
20:28:29.570050 [debug]: Finished analyzing [  0.03s] test main_dbt_test__audit.unique_stg_orders_order_id [success]
20:28:29.572221 [debug]: Writing runtime sql for node "test.dagger_test.not_null_stg_orders_customer_id.af79d5e4b5"
20:28:29.573492 [info ]: Started running test main_dbt_test__audit.unique_stg_orders_order_id
20:28:29.573605 [debug]: Finished analyzing [  0.03s] test main_dbt_test__audit.accepted_values_stg_orders_status__completed__cancelled__pending__error [success]
20:28:29.573724 [info ]: Started running test main_dbt_test__audit.accepted_values_stg_orders_status__completed__cancelled__pending__error
20:28:29.576167 [debug]: Writing runtime sql for node "test.dagger_test.not_null_stg_orders_order_id.81cfe2fe64"
20:28:29.580886 [debug]: Finished analyzing [  0.04s] model main.int_customer_revenue [success]
20:28:29.583711 [debug]: Query executed on node test.dagger_test.not_null_stg_orders_customer_id.af79d5e4b5:
/* {"app": "dbt", "dbt_version": "2.0.0", "node_id": "test.dagger_test.not_null_stg_orders_customer_id.af79d5e4b5", "profile_name": "dagger_test", "target_name": "dev"} */

    
    select
      count(*) as failures,
      count(*) != 0 as should_warn,
      count(*) != 0 as should_error
    from (
      
    
  
    
    



select customer_id
from "dev"."main"."stg_orders"
where customer_id is null



  
  
      
    ) dbt_internal_test
20:28:29.585468 [debug]: Query executed on node test.dagger_test.not_null_stg_orders_order_id.81cfe2fe64:
/* {"app": "dbt", "dbt_version": "2.0.0", "node_id": "test.dagger_test.not_null_stg_orders_order_id.81cfe2fe64", "profile_name": "dagger_test", "target_name": "dev"} */

    
    select
      count(*) as failures,
      count(*) != 0 as should_warn,
      count(*) != 0 as should_error
    from (
      
    
  
    
    



select order_id
from "dev"."main"."stg_orders"
where order_id is null



  
  
      
    ) dbt_internal_test
20:28:29.587242 [info ]: Finished running [  0.03s] test main_dbt_test__audit.not_null_stg_orders_order_id [pass]
20:28:29.587435 [info ]:     Passed [  0.04s] test  not_null_stg_orders_order_id
20:28:29.589551 [info ]: Finished running [  0.03s] test main_dbt_test__audit.not_null_stg_orders_customer_id [pass]
20:28:29.589769 [info ]:     Passed [  0.05s] test  not_null_stg_orders_customer_id
20:28:29.590431 [debug]: Writing runtime sql for node "test.dagger_test.unique_stg_orders_order_id.e3b841c71a"
20:28:29.590836 [debug]: Writing runtime sql for node "test.dagger_test.accepted_values_stg_orders_status__completed__cancelled__pending__error.8b16e045ff"
20:28:29.597033 [debug]: Query executed on node test.dagger_test.accepted_values_stg_orders_status__completed__cancelled__pending__error.8b16e045ff:
/* {"app": "dbt", "dbt_version": "2.0.0", "node_id": "test.dagger_test.accepted_values_stg_orders_status__completed__cancelled__pending__error.8b16e045ff", "profile_name": "dagger_test", "target_name": "dev"} */

    
    select
      count(*) as failures,
      count(*) != 0 as should_warn,
      count(*) != 0 as should_error
    from (
      
    
  
    
    

with all_values as (

    select
        status as value_field,
        count(*) as n_records

    from "dev"."main"."stg_orders"
    group by status

)

select *
from all_values
where value_field not in (
    'completed','cancelled','pending','error'
)



  
  
      
    ) dbt_internal_test
20:28:29.597032 [debug]: Query executed on node test.dagger_test.unique_stg_orders_order_id.e3b841c71a:
/* {"app": "dbt", "dbt_version": "2.0.0", "node_id": "test.dagger_test.unique_stg_orders_order_id.e3b841c71a", "profile_name": "dagger_test", "target_name": "dev"} */

    
    select
      count(*) as failures,
      count(*) != 0 as should_warn,
      count(*) != 0 as should_error
    from (
      
    
  
    
    

select
    order_id as unique_field,
    count(*) as n_records

from "dev"."main"."stg_orders"
where order_id is not null
group by order_id
having count(*) > 1



  
  
      
    ) dbt_internal_test
20:28:29.598376 [info ]: Finished running [  0.02s] test main_dbt_test__audit.accepted_values_stg_orders_status__completed__cancelled__pending__error [pass]
20:28:29.598539 [info ]:     Passed [  0.06s] test  accepted_values_stg_orders_status__completed__cancelled__pending__error
20:28:29.598663 [info ]: Finished running [  0.03s] test main_dbt_test__audit.unique_stg_orders_order_id [pass]
20:28:29.598701 [info ]:     Passed [  0.06s] test  unique_stg_orders_order_id
20:28:29.598800 [info ]: Started running model main.int_customer_revenue
20:28:29.605840 [debug]: Writing runtime sql for node "model.dagger_test.int_customer_revenue"
20:28:29.609955 [debug]: Query executed on node model.dagger_test.int_customer_revenue:
/* {"app": "dbt", "dbt_version": "2.0.0", "node_id": "model.dagger_test.int_customer_revenue", "profile_name": "dagger_test", "target_name": "dev"} */

  
  create view "dev"."main"."int_customer_revenue__dbt_tmp" as (
    select
    order_id,
    customer_id,
    order_date,
    amount,
    sum(amount) over (partition by customer_id order by order_date) as cumulative_revenue,
    status
from "dev"."main"."stg_orders"
  );

20:28:29.614837 [debug]: Query executed on node model.dagger_test.int_customer_revenue:
/* {"app": "dbt", "dbt_version": "2.0.0", "node_id": "model.dagger_test.int_customer_revenue", "profile_name": "dagger_test", "target_name": "dev"} */

      alter view "dev"."main"."int_customer_revenue" rename to "int_customer_revenue__dbt_backup"
    
20:28:29.620279 [debug]: Query executed on node model.dagger_test.int_customer_revenue:
/* {"app": "dbt", "dbt_version": "2.0.0", "node_id": "model.dagger_test.int_customer_revenue", "profile_name": "dagger_test", "target_name": "dev"} */

      alter view "dev"."main"."int_customer_revenue__dbt_tmp" rename to "int_customer_revenue"
    
20:28:29.625936 [debug]: Query executed on node model.dagger_test.int_customer_revenue:
/* {"app": "dbt", "dbt_version": "2.0.0", "node_id": "model.dagger_test.int_customer_revenue", "profile_name": "dagger_test", "target_name": "dev"} */

      drop view if exists "dev"."main"."int_customer_revenue__dbt_backup" cascade
    
20:28:29.626857 [info ]: Finished running [  0.03s] model main.int_customer_revenue [success]
20:28:29.626935 [info ]:  Succeeded [  0.07s] model main.int_customer_revenue (view)
20:28:29.627078 [info ]: Started model main.mart_customer_revenue
20:28:29.627101 [debug]: Started rendering model main.mart_customer_revenue
20:28:29.628212 [debug]: Compiled SQL for node model.dagger_test.mart_customer_revenue at target/compiled/dagger_test/models/marts/mart_customer_revenue.sql
20:28:29.628427 [debug]: Finished rendering [  0.00s] model main.mart_customer_revenue [success]
20:28:29.628525 [debug]: Started analyzing model main.mart_customer_revenue
20:28:29.630217 [debug]: Finished analyzing [  0.00s] model main.mart_customer_revenue [success]
20:28:29.630309 [info ]: Started running model main.mart_customer_revenue
20:28:29.636144 [debug]: Writing runtime sql for node "model.dagger_test.mart_customer_revenue"
20:28:29.651034 [debug]: Query executed on node model.dagger_test.mart_customer_revenue:
/* {"app": "dbt", "dbt_version": "2.0.0", "node_id": "model.dagger_test.mart_customer_revenue", "profile_name": "dagger_test", "target_name": "dev"} */

  
    
    

    create  table
      "dev"."main"."mart_customer_revenue__dbt_tmp"
  
    as (
      select
    customer_id,
    count(*) as nb_orders,
    max(cumulative_revenue) as max_revenue
from "dev"."main"."int_customer_revenue"
where status = 'completed'
group by customer_id
    );
  
  
20:28:29.657160 [debug]: Query executed on node model.dagger_test.mart_customer_revenue:
/* {"app": "dbt", "dbt_version": "2.0.0", "node_id": "model.dagger_test.mart_customer_revenue", "profile_name": "dagger_test", "target_name": "dev"} */

    SELECT index_name
    FROM duckdb_indexes()
    WHERE schema_name = 'main'
      AND table_name = 'mart_customer_revenue'
  
20:28:29.663417 [debug]: Query executed on node model.dagger_test.mart_customer_revenue:
/* {"app": "dbt", "dbt_version": "2.0.0", "node_id": "model.dagger_test.mart_customer_revenue", "profile_name": "dagger_test", "target_name": "dev"} */

    SELECT COUNT(*) as remaining_indexes
    FROM duckdb_indexes()
    WHERE schema_name = 'main'
      AND table_name = 'mart_customer_revenue'
  
20:28:29.671578 [debug]: Query executed on node model.dagger_test.mart_customer_revenue:
/* {"app": "dbt", "dbt_version": "2.0.0", "node_id": "model.dagger_test.mart_customer_revenue", "profile_name": "dagger_test", "target_name": "dev"} */

      alter table "dev"."main"."mart_customer_revenue" rename to "mart_customer_revenue__dbt_backup"
    
20:28:29.680417 [debug]: Query executed on node model.dagger_test.mart_customer_revenue:
/* {"app": "dbt", "dbt_version": "2.0.0", "node_id": "model.dagger_test.mart_customer_revenue", "profile_name": "dagger_test", "target_name": "dev"} */

      alter table "dev"."main"."mart_customer_revenue__dbt_tmp" rename to "mart_customer_revenue"
    
20:28:29.691079 [debug]: Query executed on node model.dagger_test.mart_customer_revenue:
/* {"app": "dbt", "dbt_version": "2.0.0", "node_id": "model.dagger_test.mart_customer_revenue", "profile_name": "dagger_test", "target_name": "dev"} */

      drop table if exists "dev"."main"."mart_customer_revenue__dbt_backup" cascade
    
20:28:29.692391 [info ]: Finished running [  0.06s] model main.mart_customer_revenue [success]
20:28:29.692494 [info ]:  Succeeded [  0.06s] model main.mart_customer_revenue (table)
20:28:29.692653 [info ]: Started test main_dbt_test__audit.unique_mart_customer_revenue_customer_id
20:28:29.692682 [debug]: Started rendering test main_dbt_test__audit.unique_mart_customer_revenue_customer_id
20:28:29.692739 [info ]: Started test main_dbt_test__audit.not_null_mart_customer_revenue_max_revenue
20:28:29.692769 [debug]: Started rendering test main_dbt_test__audit.not_null_mart_customer_revenue_max_revenue
20:28:29.694511 [info ]: Started test main_dbt_test__audit.dbt_utils_expression_is_true_mart_customer_revenue_max_revenue___0
20:28:29.694593 [debug]: Started rendering test main_dbt_test__audit.dbt_utils_expression_is_true_mart_customer_revenue_max_revenue___0
20:28:29.694642 [info ]: Started test main_dbt_test__audit.not_null_mart_customer_revenue_customer_id
20:28:29.694666 [debug]: Started rendering test main_dbt_test__audit.not_null_mart_customer_revenue_customer_id
20:28:29.696463 [debug]: Compiled SQL for node test.dagger_test.dbt_utils_expression_is_true_mart_customer_revenue_max_revenue___0.95f33364b4 at target/compiled/dagger_test/target/generic_tests/dbt_utils_expression_is_true_m_528c637672672033793ae055aa8d8d9c.sql
20:28:29.696628 [debug]: Compiled SQL for node test.dagger_test.not_null_mart_customer_revenue_customer_id.f463684890 at target/compiled/dagger_test/target/generic_tests/not_null_mart_customer_revenue_customer_id.sql
20:28:29.696885 [debug]: Compiled SQL for node test.dagger_test.unique_mart_customer_revenue_customer_id.97da55bad4 at target/compiled/dagger_test/target/generic_tests/unique_mart_customer_revenue_customer_id.sql
20:28:29.696890 [debug]: Finished rendering [  0.00s] test main_dbt_test__audit.dbt_utils_expression_is_true_mart_customer_revenue_max_revenue___0 [success]
20:28:29.697096 [debug]: Compiled SQL for node test.dagger_test.not_null_mart_customer_revenue_max_revenue.339a0e070d at target/compiled/dagger_test/target/generic_tests/not_null_mart_customer_revenue_max_revenue.sql
20:28:29.697149 [debug]: Started analyzing test main_dbt_test__audit.dbt_utils_expression_is_true_mart_customer_revenue_max_revenue___0
20:28:29.697243 [debug]: Finished rendering [  0.00s] test main_dbt_test__audit.not_null_mart_customer_revenue_customer_id [success]
20:28:29.697398 [debug]: Started analyzing test main_dbt_test__audit.not_null_mart_customer_revenue_customer_id
20:28:29.697483 [debug]: Finished rendering [  0.00s] test main_dbt_test__audit.unique_mart_customer_revenue_customer_id [success]
20:28:29.697573 [debug]: Started analyzing test main_dbt_test__audit.unique_mart_customer_revenue_customer_id
20:28:29.697616 [debug]: Finished rendering [  0.00s] test main_dbt_test__audit.not_null_mart_customer_revenue_max_revenue [success]
20:28:29.697656 [info ]: Finished rendering [  0.32s] (12 nodes, 0 skipped, 0 errors)
20:28:29.697764 [debug]: Started analyzing test main_dbt_test__audit.not_null_mart_customer_revenue_max_revenue
20:28:29.697801 [debug]: Finished analyzing [  0.00s] test main_dbt_test__audit.not_null_mart_customer_revenue_customer_id [success]
20:28:29.697846 [info ]: Started running test main_dbt_test__audit.not_null_mart_customer_revenue_customer_id
20:28:29.697968 [debug]: Finished analyzing [  0.00s] test main_dbt_test__audit.not_null_mart_customer_revenue_max_revenue [success]
20:28:29.698186 [info ]: Started running test main_dbt_test__audit.not_null_mart_customer_revenue_max_revenue
20:28:29.698629 [debug]: Finished analyzing [  0.00s] test main_dbt_test__audit.unique_mart_customer_revenue_customer_id [success]
20:28:29.698743 [info ]: Started running test main_dbt_test__audit.unique_mart_customer_revenue_customer_id
20:28:29.701853 [debug]: Writing runtime sql for node "test.dagger_test.not_null_mart_customer_revenue_customer_id.f463684890"
20:28:29.704172 [debug]: Finished analyzing [  0.01s] test main_dbt_test__audit.dbt_utils_expression_is_true_mart_customer_revenue_max_revenue___0 [success]
20:28:29.705803 [debug]: Query executed on node test.dagger_test.not_null_mart_customer_revenue_customer_id.f463684890:
/* {"app": "dbt", "dbt_version": "2.0.0", "node_id": "test.dagger_test.not_null_mart_customer_revenue_customer_id.f463684890", "profile_name": "dagger_test", "target_name": "dev"} */

    
    select
      count(*) as failures,
      count(*) != 0 as should_warn,
      count(*) != 0 as should_error
    from (
      
    
  
    
    



select customer_id
from "dev"."main"."mart_customer_revenue"
where customer_id is null



  
  
      
    ) dbt_internal_test
20:28:29.706817 [debug]: Writing runtime sql for node "test.dagger_test.not_null_mart_customer_revenue_max_revenue.339a0e070d"
20:28:29.707111 [info ]: Finished analyzing [  0.25s] (11 nodes, 0 skipped, 0 errors)
20:28:29.707251 [info ]: Started running test main_dbt_test__audit.dbt_utils_expression_is_true_mart_customer_revenue_max_revenue___0
20:28:29.707341 [debug]: Writing runtime sql for node "test.dagger_test.unique_mart_customer_revenue_customer_id.97da55bad4"
20:28:29.708490 [info ]: Finished running [  0.01s] test main_dbt_test__audit.not_null_mart_customer_revenue_customer_id [pass]
20:28:29.708569 [info ]:     Passed [  0.01s] test  not_null_mart_customer_revenue_customer_id
20:28:29.711440 [debug]: Writing runtime sql for node "test.dagger_test.dbt_utils_expression_is_true_mart_customer_revenue_max_revenue___0.95f33364b4"
20:28:29.714453 [debug]: Query executed on node test.dagger_test.not_null_mart_customer_revenue_max_revenue.339a0e070d:
/* {"app": "dbt", "dbt_version": "2.0.0", "node_id": "test.dagger_test.not_null_mart_customer_revenue_max_revenue.339a0e070d", "profile_name": "dagger_test", "target_name": "dev"} */

    
    select
      count(*) as failures,
      count(*) != 0 as should_warn,
      count(*) != 0 as should_error
    from (
      
    
  
    
    



select max_revenue
from "dev"."main"."mart_customer_revenue"
where max_revenue is null



  
  
      
    ) dbt_internal_test
20:28:29.715337 [debug]: Query executed on node test.dagger_test.dbt_utils_expression_is_true_mart_customer_revenue_max_revenue___0.95f33364b4:
/* {"app": "dbt", "dbt_version": "2.0.0", "node_id": "test.dagger_test.dbt_utils_expression_is_true_mart_customer_revenue_max_revenue___0.95f33364b4", "profile_name": "dagger_test", "target_name": "dev"} */

    
    select
      count(*) as failures,
      count(*) != 0 as should_warn,
      count(*) != 0 as should_error
    from (
      
    
  



select
    1
from "dev"."main"."mart_customer_revenue"

where not(max_revenue >= 0)


  
  
      
    ) dbt_internal_test
20:28:29.715337 [debug]: Query executed on node test.dagger_test.unique_mart_customer_revenue_customer_id.97da55bad4:
/* {"app": "dbt", "dbt_version": "2.0.0", "node_id": "test.dagger_test.unique_mart_customer_revenue_customer_id.97da55bad4", "profile_name": "dagger_test", "target_name": "dev"} */

    
    select
      count(*) as failures,
      count(*) != 0 as should_warn,
      count(*) != 0 as should_error
    from (
      
    
  
    
    

select
    customer_id as unique_field,
    count(*) as n_records

from "dev"."main"."mart_customer_revenue"
where customer_id is not null
group by customer_id
having count(*) > 1



  
  
      
    ) dbt_internal_test
20:28:29.716638 [info ]: Finished running [  0.02s] test main_dbt_test__audit.unique_mart_customer_revenue_customer_id [pass]
20:28:29.716723 [info ]:     Passed [  0.02s] test  unique_mart_customer_revenue_customer_id
20:28:29.716821 [info ]: Finished running [  0.01s] test main_dbt_test__audit.dbt_utils_expression_is_true_mart_customer_revenue_max_revenue___0 [pass]
20:28:29.716853 [info ]:     Passed [  0.02s] test  dbt_utils_expression_is_true_mart_customer_revenue_max_revenue___0
20:28:29.716971 [info ]: Finished running [  0.02s] test main_dbt_test__audit.not_null_mart_customer_revenue_max_revenue [pass]
20:28:29.717039 [info ]: Finished running [  0.33s] (12 nodes, 0 skipped, 0 errors)
20:28:29.717084 [info ]:     Passed [  0.02s] test  not_null_mart_customer_revenue_max_revenue
20:28:29.933016 [info ]: 
==================== Execution Summary =====================
Finished 'build' successfully for target 'dev' [1.1s]
Processed: 3 models | 8 tests | 1 seed
Summary: 12 total | 12 success
